device,timestamp,Feature_Value_0,Feature_Value_1,Feature_Value_2,Feature_Value_3,Feature_Value_4,Feature_Value_5
88:4A:EA:69:42:9B,2017-03-15 07:00:00.009999872,94.26,94.35,94.1,94.3,94.3,48.17
88:4A:EA:69:43:8A,2017-03-15 07:00:00.209999872,208.06,325.67,225.16,155.39,126.0,63.46
88:4A:EA:69:E1:72,2017-03-15 07:00:00.460000000,7285.2,36.01,19.68,33.72,51.8,31.0
88:4A:EA:69:42:9B,2017-03-15 07:00:00.540000000,94.22,94.17,94.24,94.2,94.26,49.26
88:4A:EA:69:43:8A,2017-03-15 07:00:00.729999872,101.79,108.75,101.88,98.76,97.78,47.16
88:4A:EA:69:E1:72,2017-03-15 07:00:01.020000000,1109.37,8.94,4.75,4.61,51.8,29.0
88:4A:EA:69:42:9B,2017-03-15 07:00:01.060000000,94.34,94.28,94.16,94.33,94.59,52.37
88:4A:EA:69:43:8A,2017-03-15 07:00:01.260000000,97.66,97.58,97.63,97.72,97.71,43.95
88:4A:EA:69:E1:72,2017-03-15 07:00:01.510000128,986.45,7.8,4.19,2.11,51.8,209.0
88:4A:EA:69:42:9B,2017-03-15 07:00:01.580000000,94.42,94.59,94.38,94.4,94.32,54.19
88:4A:EA:69:43:8A,2017-03-15 07:00:01.780000000,106.42,97.58,97.58,108.69,121.81,51.62
88:4A:EA:69:E1:72,2017-03-15 07:00:02.030000128,6497.86,11.32,63.94,15.26,51.8,28.0
88:4A:EA:69:42:9B,2017-03-15 07:00:02.100000000,94.34,94.2,94.53,94.32,94.31,50.33
88:4A:EA:69:43:8A,2017-03-15 07:00:02.300000000,200.3,163.18,252.88,241.96,143.18,71.2
88:4A:EA:69:42:9B,2017-03-15 07:00:02.630000128,94.22,94.23,94.1,94.32,94.25,51.1
88:4A:EA:69:43:8A,2017-03-15 07:00:02.830000128,104.49,113.12,105.46,100.8,98.56,50.92
88:4A:EA:69:42:9B,2017-03-15 07:00:03.150000128,94.43,95.28,94.05,94.12,94.27,58.73
88:4A:EA:69:E1:72,2017-03-15 07:00:03.190000128,1043.09,9.22,5.3,2.64,51.8,210.0
88:4A:EA:69:43:8A,2017-03-15 07:00:03.350000128,98.19,97.84,97.77,97.63,99.52,43.89
88:4A:EA:69:42:9B,2017-03-15 07:00:03.670000128,94.28,94.27,94.22,94.36,94.29,52.07
88:4A:EA:69:43:8A,2017-03-15 07:00:03.870000128,222.98,114.46,208.56,353.44,215.47,71.65
88:4A:EA:69:42:9B,2017-03-15 07:00:04.200000000,94.25,94.31,94.28,94.13,94.3,50.3
88:4A:EA:69:E1:72,2017-03-15 07:00:04.249999872,1095.49,8.23,4.82,2.06,51.8,209.0
88:4A:EA:69:43:8A,2017-03-15 07:00:04.400000000,115.5,147.81,111.45,103.25,99.49,56.14
88:4A:EA:69:42:9B,2017-03-15 07:00:04.720000000,94.47,94.18,94.39,93.56,95.73,54.8
88:4A:EA:69:43:8A,2017-03-15 07:00:04.920000000,97.69,97.79,97.63,97.69,97.66,40.79
88:4A:EA:69:42:9B,2017-03-15 07:00:05.240000000,94.21,94.34,94.14,94.23,94.14,52.78
88:4A:EA:69:E1:72,2017-03-15 07:00:05.289999872,1358.9,8.47,4.82,2.13,51.8,208.0
88:4A:EA:69:43:8A,2017-03-15 07:00:05.449999872,112.25,97.58,106.42,117.18,127.83,54.54
88:4A:EA:69:42:9B,2017-03-15 07:00:05.760000000,94.2,94.27,94.08,94.25,94.19,48.17
88:4A:EA:69:43:8A,2017-03-15 07:00:05.969999872,276.59,308.15,364.37,267.08,166.77,72.46
88:4A:EA:69:42:9B,2017-03-15 07:00:06.289999872,94.27,94.17,94.47,94.2,94.25,48.0
88:4A:EA:69:E1:72,2017-03-15 07:00:06.320000000,1264.27,7.98,4.65,2.11,51.81,208.0
88:4A:EA:69:43:8A,2017-03-15 07:00:06.489999872,109.1,122.67,110.48,103.42,99.83,48.83
88:4A:EA:69:42:9B,2017-03-15 07:00:06.809999872,98.15,94.95,98.45,100.08,99.12,53.94
88:4A:EA:69:43:8A,2017-03-15 07:00:07.009999872,97.97,98.56,97.97,97.77,97.58,39.18
88:4A:EA:69:42:9B,2017-03-15 07:00:07.329999872,98.17,103.59,98.27,95.34,95.48,55.04
88:4A:EA:69:E1:72,2017-03-15 07:00:07.390000128,1248.88,8.21,4.66,2.18,51.8,211.0
88:4A:EA:69:43:8A,2017-03-15 07:00:07.540000000,97.61,97.72,97.67,97.57,97.49,42.98
88:4A:EA:69:42:9B,2017-03-15 07:00:07.849999872,94.71,95.0,94.44,94.72,94.69,49.88
88:4A:EA:69:43:8A,2017-03-15 07:00:08.060000000,97.65,97.65,97.63,97.72,97.6,42.21
88:4A:EA:69:42:9B,2017-03-15 07:00:08.380000000,94.31,94.25,94.42,94.22,94.37,48.86
88:4A:EA:69:E1:72,2017-03-15 07:00:08.409999872,1378.31,8.53,4.8,1.69,51.81,119.0
88:4A:EA:69:43:8A,2017-03-15 07:00:08.580000000,97.68,97.64,97.69,97.76,97.63,38.9
88:4A:EA:69:42:9B,2017-03-15 07:00:08.900000000,94.34,94.35,94.29,94.44,94.26,48.25
88:4A:EA:69:43:8A,2017-03-15 07:00:09.110000128,97.63,97.68,97.63,97.61,97.6,39.08
88:4A:EA:69:42:9B,2017-03-15 07:00:09.420000000,94.33,94.42,94.44,94.3,94.17,47.57
88:4A:EA:69:E1:72,2017-03-15 07:00:09.460000000,1153.13,8.19,4.68,2.15,51.81,209.0
88:4A:EA:69:43:8A,2017-03-15 07:00:09.630000128,97.61,97.63,97.69,97.47,97.65,36.29
88:4A:EA:69:42:9B,2017-03-15 07:00:09.950000128,94.25,94.17,94.35,94.12,94.37,46.9
88:4A:EA:69:43:8A,2017-03-15 07:00:10.150000128,97.61,97.73,97.62,97.52,97.57,36.2
88:4A:EA:69:42:9B,2017-03-15 07:00:10.470000128,94.26,94.4,94.05,94.42,94.17,47.37
88:4A:EA:69:E1:72,2017-03-15 07:00:10.489999872,1249.61,8.52,4.73,2.17,51.81,208.0
88:4A:EA:69:43:8A,2017-03-15 07:00:10.670000128,97.62,97.64,97.65,97.61,97.58,36.85
88:4A:EA:69:42:9B,2017-03-15 07:00:10.990000128,94.25,94.18,94.36,94.12,94.35,47.53
88:4A:EA:69:43:8A,2017-03-15 07:00:11.200000000,97.68,97.63,97.77,97.62,97.72,36.14
88:4A:EA:69:42:9B,2017-03-15 07:00:11.510000128,94.22,94.24,94.2,94.21,94.24,47.8
88:4A:EA:69:E1:72,2017-03-15 07:00:11.569999872,1189.12,8.06,4.52,2.13,51.81,211.0
88:4A:EA:69:43:8A,2017-03-15 07:00:11.720000000,97.62,97.58,97.65,97.67,97.58,35.79
88:4A:EA:69:42:9B,2017-03-15 07:00:12.040000000,97.05,94.23,94.25,101.16,98.54,53.23
88:4A:EA:69:43:8A,2017-03-15 07:00:12.240000000,97.66,97.69,97.68,97.69,97.57,35.6
88:4A:EA:69:42:9B,2017-03-15 07:00:12.560000000,97.89,95.03,104.87,96.61,95.07,54.26
88:4A:EA:69:E1:72,2017-03-15 07:00:12.620000000,1228.14,8.49,4.73,2.09,51.81,210.0
88:4A:EA:69:43:8A,2017-03-15 07:00:12.760000000,97.63,97.62,97.65,97.64,97.59,35.66
88:4A:EA:69:42:9B,2017-03-15 07:00:13.080000000,95.09,96.54,94.88,94.45,94.51,50.87
88:4A:EA:69:43:8A,2017-03-15 07:00:13.289999872,97.68,97.63,97.64,97.88,97.55,36.7
88:4A:EA:69:42:9B,2017-03-15 07:00:13.600000000,94.22,94.25,94.35,93.97,94.29,49.2
88:4A:EA:69:E1:72,2017-03-15 07:00:13.660000000,1258.32,8.32,4.63,2.43,51.81,209.0
88:4A:EA:69:43:8A,2017-03-15 07:00:13.809999872,97.63,97.59,97.64,97.69,97.6,36.95
88:4A:EA:69:42:9B,2017-03-15 07:00:14.129999872,94.32,94.28,94.23,94.5,94.25,49.8
88:4A:EA:69:43:8A,2017-03-15 07:00:14.329999872,97.58,97.67,97.48,97.55,97.61,36.23
88:4A:EA:69:42:9B,2017-03-15 07:00:14.649999872,94.29,94.46,94.17,94.26,94.27,51.11
88:4A:EA:69:E1:72,2017-03-15 07:00:14.710000128,1185.35,8.55,4.81,2.06,51.81,208.0
88:4A:EA:69:43:8A,2017-03-15 07:00:14.849999872,97.64,97.61,97.71,97.72,97.53,35.76
88:4A:EA:69:42:9B,2017-03-15 07:00:15.169999872,94.3,94.32,94.31,94.3,94.26,50.05
88:4A:EA:69:43:8A,2017-03-15 07:00:15.380000000,97.55,97.48,97.56,97.58,97.58,36.65
88:4A:EA:69:42:9B,2017-03-15 07:00:15.689999872,97.14,94.38,97.65,100.75,95.79,53.51
88:4A:EA:69:E1:72,2017-03-15 07:00:15.760000000,1066.08,8.03,4.59,2.1,51.81,208.0
88:4A:EA:69:43:8A,2017-03-15 07:00:15.900000000,97.59,97.54,97.58,97.64,97.59,35.38
88:4A:EA:69:42:9B,2017-03-15 07:00:16.220000000,99.1,106.73,97.44,95.37,96.87,55.19
88:4A:EA:69:43:8A,2017-03-15 07:00:16.420000000,97.6,97.55,97.64,97.59,97.62,35.3
88:4A:EA:69:42:9B,2017-03-15 07:00:16.740000000,94.7,94.94,94.63,94.64,94.58,50.16
88:4A:EA:69:E1:72,2017-03-15 07:00:16.750000128,1207.95,8.27,4.54,2.09,51.81,211.0
88:4A:EA:69:43:8A,2017-03-15 07:00:16.950000128,97.57,97.57,97.51,97.63,97.59,36.57
88:4A:EA:69:42:9B,2017-03-15 07:00:17.260000000,94.33,94.25,94.49,94.29,94.27,47.32
88:4A:EA:69:43:8A,2017-03-15 07:00:17.470000128,97.58,97.59,97.58,97.58,97.58,36.15
88:4A:EA:69:42:9B,2017-03-15 07:00:17.790000128,94.38,94.32,94.24,94.44,94.54,50.04
88:4A:EA:69:E1:72,2017-03-15 07:00:17.830000128,1161.5,8.08,4.56,2.06,51.81,210.0
88:4A:EA:69:43:8A,2017-03-15 07:00:17.990000128,97.62,97.73,97.52,97.64,97.58,35.6
88:4A:EA:69:42:9B,2017-03-15 07:00:18.310000128,94.45,94.52,94.37,94.48,94.43,49.96
88:4A:EA:69:43:8A,2017-03-15 07:00:18.510000128,97.57,97.58,97.52,97.68,97.5,35.91
88:4A:EA:69:42:9B,2017-03-15 07:00:18.830000128,94.34,94.23,94.42,94.46,94.25,49.18
88:4A:EA:69:E1:72,2017-03-15 07:00:18.870000128,1169.24,8.08,4.48,2.09,51.81,209.0
88:4A:EA:69:43:8A,2017-03-15 07:00:19.040000000,97.64,97.65,97.65,97.58,97.69,37.48
88:4A:EA:69:42:9B,2017-03-15 07:00:19.350000128,94.34,94.4,94.3,94.41,94.25,50.21
88:4A:EA:69:43:8A,2017-03-15 07:00:19.560000000,97.61,97.65,97.55,97.53,97.71,35.12
88:4A:EA:69:42:9B,2017-03-15 07:00:19.880000000,94.32,94.31,94.41,94.13,94.43,49.87
88:4A:EA:69:E1:72,2017-03-15 07:00:19.910000128,1212.92,8.09,4.62,2.08,51.81,209.0
88:4A:EA:69:43:8A,2017-03-15 07:00:20.080000000,97.64,97.72,97.6,97.6,97.65,35.11
88:4A:EA:69:42:9B,2017-03-15 07:00:20.400000000,94.4,94.6,94.33,94.42,94.25,49.47
88:4A:EA:69:43:8A,2017-03-15 07:00:20.600000000,97.61,97.52,97.73,97.59,97.58,35.44
88:4A:EA:69:42:9B,2017-03-15 07:00:20.920000000,94.39,94.52,94.29,94.31,94.44,50.96
88:4A:EA:69:E1:72,2017-03-15 07:00:20.960000000,1063.81,8.11,4.59,2.11,51.81,208.0
88:4A:EA:69:43:8A,2017-03-15 07:00:21.129999872,97.6,97.62,97.58,97.59,97.61,35.29
88:4A:EA:69:42:9B,2017-03-15 07:00:21.440000000,94.32,94.17,94.46,94.44,94.22,50.24
88:4A:EA:69:43:8A,2017-03-15 07:00:21.649999872,97.67,97.65,97.68,97.73,97.63,36.4
88:4A:EA:69:42:9B,2017-03-15 07:00:21.969999872,94.26,94.32,94.32,94.29,94.11,50.08
88:4A:EA:69:E1:72,2017-03-15 07:00:22.009999872,1253.36,8.19,4.58,2.15,51.81,211.0
88:4A:EA:69:43:8A,2017-03-15 07:00:22.169999872,97.59,97.66,97.62,97.62,97.48,35.2
88:4A:EA:69:42:9B,2017-03-15 07:00:22.489999872,94.45,94.55,94.6,94.22,94.44,53.97
88:4A:EA:69:43:8A,2017-03-15 07:00:22.689999872,97.62,97.73,97.61,97.58,97.58,36.29
88:4A:EA:69:42:9B,2017-03-15 07:00:23.009999872,94.27,94.19,94.38,94.18,94.35,49.67
88:4A:EA:69:E1:72,2017-03-15 07:00:23.030000128,1084.51,7.97,4.51,2.1,51.81,211.0
88:4A:EA:69:43:8A,2017-03-15 07:00:23.220000000,97.6,97.66,97.61,97.45,97.65,37.84
88:4A:EA:69:42:9B,2017-03-15 07:00:23.529999872,94.39,94.39,94.25,94.49,94.43,49.89
88:4A:EA:69:43:8A,2017-03-15 07:00:23.740000000,97.56,97.46,97.6,97.61,97.56,35.38
88:4A:EA:69:42:9B,2017-03-15 07:00:24.060000000,94.31,94.14,94.38,94.31,94.43,48.73
88:4A:EA:69:E1:72,2017-03-15 07:00:24.110000128,1080.06,8.36,4.63,2.17,51.81,210.0
88:4A:EA:69:43:8A,2017-03-15 07:00:24.260000000,97.64,97.69,97.63,97.64,97.59,34.76
88:4A:EA:69:42:9B,2017-03-15 07:00:24.580000000,94.32,94.36,94.17,94.65,94.09,48.11
88:4A:EA:69:43:8A,2017-03-15 07:00:24.790000128,97.63,97.61,97.68,97.65,97.56,35.72
88:4A:EA:69:42:9B,2017-03-15 07:00:25.100000000,94.33,94.48,94.31,94.22,94.33,48.08
88:4A:EA:69:E1:72,2017-03-15 07:00:25.120000000,1079.85,8.11,4.64,2.12,51.81,209.0
88:4A:EA:69:43:8A,2017-03-15 07:00:25.310000128,97.65,97.59,97.66,97.6,97.73,35.38
88:4A:EA:69:42:9B,2017-03-15 07:00:25.620000000,94.33,94.2,94.48,94.22,94.41,48.34
88:4A:EA:69:43:8A,2017-03-15 07:00:25.830000128,97.62,97.59,97.64,97.6,97.64,35.7
88:4A:EA:69:42:9B,2017-03-15 07:00:26.150000128,94.35,94.3,94.17,94.44,94.49,47.83
88:4A:EA:69:E1:72,2017-03-15 07:00:26.190000128,990.32,8.21,4.65,2.09,51.81,209.0
88:4A:EA:69:43:8A,2017-03-15 07:00:26.350000128,97.64,97.73,97.61,97.57,97.66,34.92
88:4A:EA:69:42:9B,2017-03-15 07:00:26.670000128,94.23,94.19,94.28,93.92,94.54,51.89
88:4A:EA:69:43:8A,2017-03-15 07:00:26.880000000,97.66,97.62,97.63,97.77,97.62,35.39
88:4A:EA:69:42:9B,2017-03-15 07:00:27.190000128,94.28,94.17,94.39,94.37,94.19,49.15
88:4A:EA:69:E1:72,2017-03-15 07:00:27.230000128,987.49,7.88,4.51,2.14,51.81,208.0
88:4A:EA:69:43:8A,2017-03-15 07:00:27.400000000,97.66,97.7,97.66,97.61,97.67,35.67
88:4A:EA:69:42:9B,2017-03-15 07:00:27.710000128,94.25,94.23,94.28,94.23,94.27,50.63
88:4A:EA:69:43:8A,2017-03-15 07:00:27.920000000,97.55,97.47,97.65,97.5,97.57,36.18
88:4A:EA:69:42:9B,2017-03-15 07:00:28.240000000,94.26,94.17,94.26,94.25,94.35,49.12
88:4A:EA:69:E1:72,2017-03-15 07:00:28.280000000,1088.36,8.15,4.54,2.13,51.81,208.0
88:4A:EA:69:43:8A,2017-03-15 07:00:28.440000000,97.62,97.64,97.57,97.66,97.61,35.41
88:4A:EA:69:42:9B,2017-03-15 07:00:28.760000000,94.28,94.47,94.17,94.29,94.17,49.07
88:4A:EA:69:43:8A,2017-03-15 07:00:28.969999872,97.63,97.55,97.7,97.52,97.75,34.78
88:4A:EA:69:42:9B,2017-03-15 07:00:29.280000000,94.31,94.33,94.29,94.27,94.35,47.04
88:4A:EA:69:E1:72,2017-03-15 07:00:29.320000000,991.2,7.95,4.58,2.11,51.82,211.0
88:4A:EA:69:43:8A,2017-03-15 07:00:29.489999872,97.65,97.67,97.76,97.65,97.51,34.88
88:4A:EA:69:42:9B,2017-03-15 07:00:29.809999872,94.26,94.22,94.22,94.28,94.32,46.64
88:4A:EA:69:43:8A,2017-03-15 07:00:30.009999872,97.62,97.57,97.63,97.58,97.7,34.51
88:4A:EA:69:42:9B,2017-03-15 07:00:30.329999872,94.21,94.08,94.16,94.27,94.33,45.7
88:4A:EA:69:E1:72,2017-03-15 07:00:30.369999872,1042.55,8.09,4.63,2.11,51.81,211.0
88:4A:EA:69:43:8A,2017-03-15 07:00:30.529999872,97.65,97.7,97.6,97.66,97.66,33.77
88:4A:EA:69:42:9B,2017-03-15 07:00:30.849999872,94.28,94.51,94.25,94.31,94.03,45.78
88:4A:EA:69:43:8A,2017-03-15 07:00:31.060000000,97.64,97.61,97.52,97.71,97.73,34.15
88:4A:EA:69:42:9B,2017-03-15 07:00:31.369999872,94.22,94.24,94.18,94.11,94.36,47.8
88:4A:EA:69:E1:72,2017-03-15 07:00:31.390000128,938.31,7.76,4.48,2.09,51.82,210.0
88:4A:EA:69:43:8A,2017-03-15 07:00:31.580000000,97.64,97.7,97.64,97.57,97.66,33.25
88:4A:EA:69:42:9B,2017-03-15 07:00:31.900000000,94.22,94.21,94.25,94.3,94.12,49.38
88:4A:EA:69:43:8A,2017-03-15 07:00:32.100000000,97.63,97.62,97.64,97.56,97.69,33.6
88:4A:EA:69:42:9B,2017-03-15 07:00:32.420000000,94.25,94.43,94.13,94.17,94.29,48.18
88:4A:EA:69:E1:72,2017-03-15 07:00:32.440000000,1028.67,7.96,4.54,2.09,51.82,209.0
88:4A:EA:69:43:8A,2017-03-15 07:00:32.630000128,97.62,97.67,97.58,97.64,97.59,33.48
88:4A:EA:69:42:9B,2017-03-15 07:00:32.940000000,94.25,94.23,94.38,94.24,94.17,47.8
88:4A:EA:69:42:9B,2017-03-15 07:00:33.460000000,94.22,94.39,94.04,94.37,94.07,45.95
88:4A:EA:69:E1:72,2017-03-15 07:00:33.489999872,973.41,7.73,4.45,2.08,51.82,209.0
88:4A:EA:69:43:8A,2017-03-15 07:00:33.520000000,97.56,97.54,97.55,97.52,97.62,33.68
88:4A:EA:69:43:8A,2017-03-15 07:00:33.769999872,97.66,97.73,97.63,97.66,97.61,33.45
88:4A:EA:69:42:9B,2017-03-15 07:00:33.990000128,94.26,94.3,94.29,94.1,94.36,45.6
88:4A:EA:69:43:8A,2017-03-15 07:00:34.289999872,97.62,97.56,97.62,97.68,97.63,33.55
88:4A:EA:69:42:9B,2017-03-15 07:00:34.510000128,94.17,94.17,94.09,94.3,94.13,46.34
88:4A:EA:69:E1:72,2017-03-15 07:00:34.569999872,962.41,7.81,4.4,2.12,51.82,208.0
88:4A:EA:69:43:8A,2017-03-15 07:00:34.820000000,97.59,97.6,97.59,97.64,97.53,32.93
88:4A:EA:69:42:9B,2017-03-15 07:00:35.030000128,94.24,94.19,94.24,94.08,94.46,47.25
88:4A:EA:69:43:8A,2017-03-15 07:00:35.340000000,97.63,97.67,97.55,97.67,97.61,34.69
88:4A:EA:69:42:9B,2017-03-15 07:00:35.550000128,94.17,94.05,94.29,94.24,94.12,49.83
88:4A:EA:69:E1:72,2017-03-15 07:00:35.620000000,931.64,7.77,4.52,2.05,51.82,208.0
88:4A:EA:69:43:8A,2017-03-15 07:00:35.860000000,97.64,97.61,97.63,97.67,97.65,36.04
88:4A:EA:69:42:9B,2017-03-15 07:00:36.080000000,94.15,94.31,94.06,94.25,94.0,48.61
88:4A:EA:69:43:8A,2017-03-15 07:00:36.380000000,97.61,97.62,97.6,97.64,97.6,39.11
88:4A:EA:69:42:9B,2017-03-15 07:00:36.600000000,94.27,94.13,94.43,94.2,94.32,45.04
88:4A:EA:69:E1:72,2017-03-15 07:00:36.640000000,987.8,7.93,4.5,2.08,51.82,211.0
88:4A:EA:69:43:8A,2017-03-15 07:00:36.910000128,97.59,97.56,97.57,97.59,97.63,39.21
88:4A:EA:69:42:9B,2017-03-15 07:00:37.120000000,94.18,94.25,94.3,94.24,93.93,46.45
88:4A:EA:69:43:8A,2017-03-15 07:00:37.430000128,97.61,97.63,97.58,97.59,97.65,35.97
88:4A:EA:69:42:9B,2017-03-15 07:00:37.649999872,94.34,94.48,94.12,94.38,94.39,46.84
88:4A:EA:69:E1:72,2017-03-15 07:00:37.689999872,913.33,7.83,4.54,2.07,51.82,210.0
88:4A:EA:69:43:8A,2017-03-15 07:00:37.950000128,97.63,97.59,97.66,97.7,97.57,39.55
88:4A:EA:69:42:9B,2017-03-15 07:00:38.169999872,94.27,94.31,94.37,94.15,94.25,48.5
88:4A:EA:69:43:8A,2017-03-15 07:00:38.470000128,97.6,97.63,97.64,97.59,97.55,39.54
88:4A:EA:69:42:9B,2017-03-15 07:00:38.689999872,94.35,94.31,94.27,94.38,94.42,51.53
88:4A:EA:69:E1:72,2017-03-15 07:00:38.720000000,919.5,7.91,4.47,2.15,51.82,210.0
88:4A:EA:69:43:8A,2017-03-15 07:00:39.000000000,97.64,97.62,97.63,97.59,97.71,39.46
88:4A:EA:69:42:9B,2017-03-15 07:00:39.209999872,94.32,94.43,94.26,94.35,94.22,49.22
88:4A:EA:69:43:8A,2017-03-15 07:00:39.520000000,97.66,97.57,97.69,97.69,97.67,40.13
88:4A:EA:69:42:9B,2017-03-15 07:00:39.740000000,94.27,94.16,94.29,94.23,94.41,48.59
88:4A:EA:69:E1:72,2017-03-15 07:00:39.750000128,935.23,7.71,4.41,2.06,51.82,209.0
88:4A:EA:69:43:8A,2017-03-15 07:00:40.040000000,97.69,97.61,97.7,97.69,97.74,39.3
88:4A:EA:69:42:9B,2017-03-15 07:00:40.260000000,94.21,94.05,94.24,94.27,94.3,47.2
88:4A:EA:69:43:8A,2017-03-15 07:00:40.569999872,97.63,97.52,97.61,97.67,97.7,39.25
88:4A:EA:69:42:9B,2017-03-15 07:00:40.780000000,94.22,94.39,94.08,94.21,94.2,47.67
88:4A:EA:69:E1:72,2017-03-15 07:00:40.800000000,935.55,7.95,4.37,2.11,51.82,209.0
88:4A:EA:69:43:8A,2017-03-15 07:00:41.089999872,97.54,97.6,97.44,97.52,97.6,34.75
88:4A:EA:69:42:9B,2017-03-15 07:00:41.300000000,94.34,94.33,94.57,94.24,94.22,49.73
88:4A:EA:69:43:8A,2017-03-15 07:00:41.609999872,97.6,97.54,97.62,97.58,97.68,34.14
88:4A:EA:69:42:9B,2017-03-15 07:00:41.830000128,94.25,94.2,94.16,94.48,94.17,48.0
88:4A:EA:69:E1:72,2017-03-15 07:00:41.860000000,954.24,7.88,4.49,2.08,51.82,208.0
88:4A:EA:69:43:8A,2017-03-15 07:00:42.129999872,97.56,97.48,97.54,97.6,97.63,34.55
88:4A:EA:69:42:9B,2017-03-15 07:00:42.350000128,94.35,94.31,94.34,94.26,94.48,45.76
88:4A:EA:69:43:8A,2017-03-15 07:00:42.660000000,97.54,97.55,97.6,97.54,97.48,37.28
88:4A:EA:69:42:9B,2017-03-15 07:00:42.870000128,94.24,94.14,94.39,94.21,94.22,46.11
88:4A:EA:69:E1:72,2017-03-15 07:00:42.900000000,882.42,7.8,4.42,2.09,51.82,211.0
88:4A:EA:69:43:8A,2017-03-15 07:00:43.180000000,97.64,97.58,97.6,97.68,97.68,33.43
88:4A:EA:69:42:9B,2017-03-15 07:00:43.390000128,94.28,94.26,94.15,94.35,94.34,47.95
88:4A:EA:69:43:8A,2017-03-15 07:00:43.700000000,97.6,97.57,97.64,97.68,97.51,33.7
88:4A:EA:69:42:9B,2017-03-15 07:00:43.920000000,94.26,94.21,94.34,94.21,94.28,48.96
88:4A:EA:69:E1:72,2017-03-15 07:00:43.950000128,955.71,7.98,4.41,2.07,51.83,211.0
88:4A:EA:69:43:8A,2017-03-15 07:00:44.220000000,97.62,97.58,97.67,97.56,97.65,34.3
88:4A:EA:69:42:9B,2017-03-15 07:00:44.440000000,94.21,94.14,94.14,94.4,94.17,49.4
88:4A:EA:69:43:8A,2017-03-15 07:00:44.750000128,97.65,97.56,97.66,97.7,97.69,33.99
88:4A:EA:69:42:9B,2017-03-15 07:00:44.960000000,94.35,94.33,94.39,94.32,94.35,54.66
88:4A:EA:69:E1:72,2017-03-15 07:00:45.009999872,946.91,7.86,4.34,2.05,51.83,210.0
88:4A:EA:69:43:8A,2017-03-15 07:00:45.270000128,97.6,97.63,97.58,97.65,97.56,35.44
88:4A:EA:69:42:9B,2017-03-15 07:00:45.489999872,94.22,94.19,94.3,94.34,94.04,48.95
88:4A:EA:69:43:8A,2017-03-15 07:00:45.790000128,97.53,97.49,97.57,97.52,97.55,36.94
88:4A:EA:69:42:9B,2017-03-15 07:00:46.009999872,94.31,94.33,94.23,94.33,94.33,47.47
88:4A:EA:69:E1:72,2017-03-15 07:00:46.060000000,1035.1,7.98,4.42,2.02,51.83,210.0
88:4A:EA:69:43:8A,2017-03-15 07:00:46.310000128,97.57,97.57,97.56,97.62,97.55,34.38
88:4A:EA:69:42:9B,2017-03-15 07:00:46.529999872,94.29,94.22,94.36,94.21,94.36,46.67
88:4A:EA:69:43:8A,2017-03-15 07:00:46.840000000,97.51,97.45,97.56,97.47,97.56,34.09
88:4A:EA:69:42:9B,2017-03-15 07:00:47.049999872,94.24,94.27,94.05,94.32,94.3,46.53
88:4A:EA:69:E1:72,2017-03-15 07:00:47.140000000,880.78,7.93,4.38,2.08,51.83,209.0
88:4A:EA:69:43:8A,2017-03-15 07:00:47.360000000,97.56,97.65,97.52,97.65,97.43,33.9
88:4A:EA:69:42:9B,2017-03-15 07:00:47.580000000,94.27,94.26,94.23,94.28,94.31,46.11
88:4A:EA:69:43:8A,2017-03-15 07:00:47.880000000,97.59,97.55,97.66,97.54,97.6,33.93
88:4A:EA:69:E1:72,2017-03-15 07:00:48.120000000,995.88,8.22,4.55,2.02,51.83,209.0
88:4A:EA:69:42:9B,2017-03-15 07:00:48.249999872,94.25,94.16,94.26,94.15,94.44,46.19
88:4A:EA:69:43:8A,2017-03-15 07:00:48.409999872,97.62,97.59,97.61,97.64,97.63,34.71
88:4A:EA:69:42:9B,2017-03-15 07:00:48.780000000,94.28,94.31,94.24,94.32,94.24,45.94
88:4A:EA:69:43:8A,2017-03-15 07:00:48.929999872,97.56,97.54,97.61,97.58,97.53,33.34
88:4A:EA:69:E1:72,2017-03-15 07:00:49.160000000,802.34,7.71,4.34,2.05,51.83,208.0
88:4A:EA:69:42:9B,2017-03-15 07:00:49.300000000,94.27,94.38,94.21,94.16,94.32,46.68
88:4A:EA:69:43:8A,2017-03-15 07:00:49.449999872,97.63,97.56,97.61,97.74,97.62,34.16
88:4A:EA:69:42:9B,2017-03-15 07:00:49.820000000,94.27,94.31,94.31,94.16,94.3,48.01
88:4A:EA:69:43:8A,2017-03-15 07:00:49.969999872,97.61,97.59,97.63,97.58,97.65,34.88
88:4A:EA:69:E1:72,2017-03-15 07:00:50.289999872,908.92,8.07,4.5,2.1,51.83,208.0
88:4A:EA:69:42:9B,2017-03-15 07:00:50.340000000,94.18,94.07,94.13,94.32,94.19,48.75
88:4A:EA:69:43:8A,2017-03-15 07:00:50.500000000,97.64,97.63,97.59,97.67,97.66,34.53
88:4A:EA:69:42:9B,2017-03-15 07:00:50.870000128,94.24,94.29,94.29,94.22,94.18,47.73
88:4A:EA:69:43:8A,2017-03-15 07:00:51.020000000,97.66,97.67,97.71,97.63,97.63,34.19
88:4A:EA:69:E1:72,2017-03-15 07:00:51.329999872,955.17,7.66,4.34,2.01,51.83,211.0
88:4A:EA:69:42:9B,2017-03-15 07:00:51.390000128,94.22,94.19,94.43,94.04,94.22,47.36
88:4A:EA:69:43:8A,2017-03-15 07:00:51.540000000,97.6,97.68,97.61,97.58,97.51,34.08
88:4A:EA:69:42:9B,2017-03-15 07:00:51.910000128,94.24,94.42,94.1,94.42,94.04,48.07
88:4A:EA:69:43:8A,2017-03-15 07:00:52.060000000,97.57,97.58,97.56,97.63,97.52,34.27
88:4A:EA:69:E1:72,2017-03-15 07:00:52.310000128,948.78,8.12,4.55,1.67,51.83,119.0
88:4A:EA:69:42:9B,2017-03-15 07:00:52.440000000,94.16,94.12,94.19,94.02,94.3,46.51
88:4A:EA:69:43:8A,2017-03-15 07:00:52.590000128,97.61,97.57,97.59,97.73,97.57,34.86
88:4A:EA:69:42:9B,2017-03-15 07:00:52.960000000,94.21,94.13,94.2,94.33,94.16,45.94
88:4A:EA:69:43:8A,2017-03-15 07:00:53.110000128,97.55,97.54,97.61,97.53,97.53,35.51
88:4A:EA:69:E1:72,2017-03-15 07:00:53.360000000,880.38,7.76,4.42,1.97,51.83,210.0
88:4A:EA:69:42:9B,2017-03-15 07:00:53.480000000,94.3,94.42,94.23,94.25,94.3,48.99
88:4A:EA:69:43:8A,2017-03-15 07:00:53.630000128,97.53,97.58,97.5,97.55,97.5,34.2
88:4A:EA:69:42:9B,2017-03-15 07:00:54.000000000,94.2,94.19,94.26,94.06,94.28,47.75
88:4A:EA:69:43:8A,2017-03-15 07:00:54.150000128,97.56,97.5,97.62,97.58,97.54,33.91
88:4A:EA:69:E1:72,2017-03-15 07:00:54.409999872,850.6,7.79,4.43,2.04,51.83,210.0
88:4A:EA:69:42:9B,2017-03-15 07:00:54.520000000,94.31,94.42,94.12,94.4,94.29,47.87
88:4A:EA:69:43:8A,2017-03-15 07:00:54.680000000,97.57,97.56,97.63,97.6,97.51,35.9
88:4A:EA:69:42:9B,2017-03-15 07:00:55.049999872,94.24,94.2,94.29,94.14,94.31,47.73
88:4A:EA:69:43:8A,2017-03-15 07:00:55.200000000,97.55,97.58,97.54,97.54,97.53,34.27
88:4A:EA:69:E1:72,2017-03-15 07:00:55.449999872,823.04,7.52,4.39,2.04,51.83,209.0
88:4A:EA:69:42:9B,2017-03-15 07:00:55.569999872,94.24,94.1,94.26,94.42,94.2,49.6
88:4A:EA:69:43:8A,2017-03-15 07:00:55.720000000,97.61,97.58,97.67,97.64,97.53,35.6
88:4A:EA:69:42:9B,2017-03-15 07:00:56.089999872,94.31,94.36,94.31,94.12,94.45,49.51
88:4A:EA:69:43:8A,2017-03-15 07:00:56.240000000,97.57,97.55,97.5,97.59,97.64,34.71
88:4A:EA:69:E1:72,2017-03-15 07:00:56.480000000,901.75,7.82,4.5,2.07,51.83,209.0
88:4A:EA:69:42:9B,2017-03-15 07:00:56.620000000,94.3,94.2,94.41,94.22,94.36,47.93
88:4A:EA:69:43:8A,2017-03-15 07:00:56.769999872,97.55,97.46,97.57,97.67,97.52,34.94
88:4A:EA:69:42:9B,2017-03-15 07:00:57.140000000,94.23,94.26,94.13,94.39,94.15,47.06
88:4A:EA:69:43:8A,2017-03-15 07:00:57.289999872,97.59,97.55,97.58,97.61,97.63,33.9
88:4A:EA:69:E1:72,2017-03-15 07:00:57.529999872,896.45,7.84,4.6,2.07,51.83,208.0
88:4A:EA:69:42:9B,2017-03-15 07:00:57.660000000,94.25,94.25,94.3,94.25,94.21,46.68
88:4A:EA:69:43:8A,2017-03-15 07:00:57.809999872,97.57,97.52,97.55,97.6,97.62,34.22
88:4A:EA:69:42:9B,2017-03-15 07:00:58.180000000,94.25,94.21,94.27,94.21,94.33,46.82
88:4A:EA:69:43:8A,2017-03-15 07:00:58.340000000,97.6,97.66,97.61,97.54,97.57,35.43
88:4A:EA:69:E1:72,2017-03-15 07:00:58.569999872,959.3,8.01,4.65,2.11,51.83,208.0
88:4A:EA:69:42:9B,2017-03-15 07:00:58.710000128,94.26,94.3,94.14,94.33,94.28,50.64
88:4A:EA:69:43:8A,2017-03-15 07:00:58.860000000,97.59,97.5,97.53,97.64,97.68,34.11
88:4A:EA:69:42:9B,2017-03-15 07:00:59.230000128,94.27,94.42,94.18,94.25,94.24,45.78
88:4A:EA:69:43:8A,2017-03-15 07:00:59.380000000,97.65,97.73,97.58,97.66,97.61,35.52
88:4A:EA:69:E1:72,2017-03-15 07:00:59.630000128,871.95,7.68,4.53,2.06,51.83,211.0
88:4A:EA:69:42:9B,2017-03-15 07:00:59.750000128,94.29,94.3,94.4,94.25,94.2,46.87
88:4A:EA:69:43:8A,2017-03-15 07:00:59.900000000,97.59,97.54,97.59,97.61,97.6,34.27
88:4A:EA:69:42:9B,2017-03-15 07:01:00.280000000,94.29,94.33,94.26,94.46,94.11,47.23
88:4A:EA:69:43:8A,2017-03-15 07:01:00.430000128,97.54,97.56,97.54,97.46,97.62,33.49
88:4A:EA:69:E1:72,2017-03-15 07:01:00.670000128,998.76,8.1,4.65,2.1,51.83,211.0
88:4A:EA:69:42:9B,2017-03-15 07:01:00.800000000,94.28,94.3,94.12,94.29,94.43,47.35
88:4A:EA:69:43:8A,2017-03-15 07:01:00.950000128,97.58,97.62,97.52,97.61,97.58,33.71
88:4A:EA:69:42:9B,2017-03-15 07:01:01.320000000,94.19,94.07,94.19,94.29,94.22,47.38
88:4A:EA:69:43:8A,2017-03-15 07:01:01.470000128,97.58,97.6,97.67,97.48,97.59,34.93
88:4A:EA:69:E1:72,2017-03-15 07:01:01.729999872,972.29,7.74,4.51,2.1,51.84,210.0
88:4A:EA:69:42:9B,2017-03-15 07:01:01.840000000,94.27,94.41,94.25,94.27,94.18,47.03
88:4A:EA:69:43:8A,2017-03-15 07:01:01.990000128,97.55,97.51,97.53,97.54,97.63,33.89
88:4A:EA:69:42:9B,2017-03-15 07:01:02.369999872,94.29,94.2,94.35,94.16,94.43,48.97
88:4A:EA:69:43:8A,2017-03-15 07:01:02.520000000,97.56,97.64,97.63,97.44,97.54,33.18
88:4A:EA:69:E1:72,2017-03-15 07:01:02.769999872,988.49,8.01,4.68,2.14,51.84,210.0
88:4A:EA:69:42:9B,2017-03-15 07:01:02.889999872,94.33,94.3,94.23,94.53,94.25,49.08
88:4A:EA:69:43:8A,2017-03-15 07:01:03.040000000,97.49,97.52,97.42,97.54,97.49,34.48
88:4A:EA:69:42:9B,2017-03-15 07:01:03.409999872,94.22,94.27,94.16,94.19,94.27,49.06
88:4A:EA:69:43:8A,2017-03-15 07:01:03.560000000,97.56,97.57,97.53,97.56,97.58,33.51
88:4A:EA:69:E1:72,2017-03-15 07:01:03.820000000,947.88,7.87,4.74,2.17,51.84,209.0
88:4A:EA:69:42:9B,2017-03-15 07:01:03.929999872,94.27,94.09,94.33,94.43,94.21,52.73
88:4A:EA:69:43:8A,2017-03-15 07:01:04.080000000,97.62,97.63,97.67,97.6,97.59,34.1
88:4A:EA:69:42:9B,2017-03-15 07:01:04.460000000,94.29,94.42,94.14,94.26,94.35,51.03
88:4A:EA:69:43:8A,2017-03-15 07:01:04.609999872,97.58,97.64,97.55,97.5,97.62,35.29
88:4A:EA:69:E1:72,2017-03-15 07:01:04.830000128,1075.21,8.08,4.66,2.12,51.84,209.0
88:4A:EA:69:42:9B,2017-03-15 07:01:04.980000000,94.29,94.29,94.32,94.1,94.44,50.36
88:4A:EA:69:43:8A,2017-03-15 07:01:05.129999872,97.57,97.67,97.59,97.56,97.47,36.4
88:4A:EA:69:42:9B,2017-03-15 07:01:05.500000000,94.3,94.27,94.32,94.37,94.26,48.3
88:4A:EA:69:43:8A,2017-03-15 07:01:05.649999872,97.62,97.62,97.59,97.6,97.68,34.0
88:4A:EA:69:E1:72,2017-03-15 07:01:05.920000000,949.24,7.85,4.71,2.13,51.84,208.0
88:4A:EA:69:42:9B,2017-03-15 07:01:06.020000000,94.27,94.26,94.13,94.43,94.27,45.31
88:4A:EA:69:43:8A,2017-03-15 07:01:06.180000000,97.59,97.63,97.62,97.54,97.59,33.76
88:4A:EA:69:42:9B,2017-03-15 07:01:06.550000128,94.23,94.29,94.27,94.13,94.23,46.72
88:4A:EA:69:43:8A,2017-03-15 07:01:06.700000000,97.61,97.62,97.53,97.61,97.67,33.48
88:4A:EA:69:E1:72,2017-03-15 07:01:06.940000000,985.45,7.87,4.54,1.74,51.84,119.0
88:4A:EA:69:42:9B,2017-03-15 07:01:07.070000128,94.2,94.18,94.22,94.25,94.17,45.91
88:4A:EA:69:43:8A,2017-03-15 07:01:07.220000000,97.58,97.56,97.57,97.6,97.6,33.87
88:4A:EA:69:42:9B,2017-03-15 07:01:07.590000128,94.36,94.33,94.37,94.46,94.3,47.53
88:4A:EA:69:43:8A,2017-03-15 07:01:07.740000000,97.59,97.69,97.55,97.47,97.64,35.11
88:4A:EA:69:E1:72,2017-03-15 07:01:08.020000000,1037.32,7.76,4.6,2.05,51.84,211.0
88:4A:EA:69:42:9B,2017-03-15 07:01:08.110000128,94.2,94.1,94.22,94.18,94.3,48.67
88:4A:EA:69:43:8A,2017-03-15 07:01:08.270000128,97.65,97.63,97.71,97.65,97.63,34.03
88:4A:EA:69:42:9B,2017-03-15 07:01:08.640000000,94.28,94.31,94.41,94.29,94.12,48.76
88:4A:EA:69:43:8A,2017-03-15 07:01:08.790000128,97.6,97.55,97.61,97.66,97.58,33.68
88:4A:EA:69:E1:72,2017-03-15 07:01:09.040000000,1043.23,7.97,4.71,2.12,51.84,210.0
88:4A:EA:69:42:9B,2017-03-15 07:01:09.160000000,94.28,94.31,94.25,94.14,94.42,49.38
88:4A:EA:69:43:8A,2017-03-15 07:01:09.310000128,97.62,97.54,97.77,97.47,97.68,33.91
88:4A:EA:69:42:9B,2017-03-15 07:01:09.680000000,94.27,94.14,94.36,94.21,94.39,49.73
88:4A:EA:69:43:8A,2017-03-15 07:01:09.830000128,97.61,97.63,97.59,97.59,97.64,33.61
88:4A:EA:69:E1:72,2017-03-15 07:01:10.129999872,1086.33,7.95,4.7,2.09,51.84,210.0
88:4A:EA:69:42:9B,2017-03-15 07:01:10.200000000,94.2,94.23,94.25,94.22,94.11,49.44
88:4A:EA:69:43:8A,2017-03-15 07:01:10.360000000,97.6,97.5,97.68,97.59,97.63,34.51
88:4A:EA:69:42:9B,2017-03-15 07:01:10.729999872,94.3,94.29,94.4,94.08,94.41,48.67
88:4A:EA:69:43:8A,2017-03-15 07:01:10.880000000,97.58,97.57,97.62,97.56,97.58,34.72
88:4A:EA:69:E1:72,2017-03-15 07:01:11.140000000,985.98,7.86,4.55,2.12,51.85,209.0
88:4A:EA:69:42:9B,2017-03-15 07:01:11.249999872,94.2,94.04,94.26,94.18,94.31,46.98
88:4A:EA:69:43:8A,2017-03-15 07:01:11.400000000,97.56,97.55,97.6,97.6,97.5,33.68
88:4A:EA:69:42:9B,2017-03-15 07:01:11.769999872,94.23,94.4,94.07,94.21,94.23,46.17
88:4A:EA:69:43:8A,2017-03-15 07:01:11.920000000,97.56,97.53,97.5,97.6,97.62,33.63
88:4A:EA:69:E1:72,2017-03-15 07:01:12.190000128,1140.87,7.98,4.62,2.14,51.84,209.0
88:4A:EA:69:42:9B,2017-03-15 07:01:12.300000000,94.2,94.06,94.27,94.25,94.2,46.74
88:4A:EA:69:43:8A,2017-03-15 07:01:12.449999872,97.54,97.53,97.51,97.57,97.56,34.19
88:4A:EA:69:42:9B,2017-03-15 07:01:12.820000000,94.19,94.25,94.19,94.23,94.09,47.05
88:4A:EA:69:43:8A,2017-03-15 07:01:12.969999872,97.54,97.6,97.49,97.59,97.47,33.63
88:4A:EA:69:E1:72,2017-03-15 07:01:13.209999872,1176.99,8.04,4.62,2.05,51.85,209.0
88:4A:EA:69:42:9B,2017-03-15 07:01:13.340000000,94.25,94.29,94.25,94.02,94.43,50.44
88:4A:EA:69:43:8A,2017-03-15 07:01:13.489999872,97.51,97.53,97.52,97.47,97.54,35.01
88:4A:EA:69:42:9B,2017-03-15 07:01:13.860000000,94.16,94.35,94.04,94.21,94.03,48.87
88:4A:EA:69:43:8A,2017-03-15 07:01:14.020000000,97.53,97.53,97.52,97.56,97.5,35.45
88:4A:EA:69:E1:72,2017-03-15 07:01:14.270000128,1240.27,8.28,4.68,2.09,51.85,208.0
88:4A:EA:69:42:9B,2017-03-15 07:01:14.390000128,94.3,94.28,94.04,94.37,94.5,47.68
88:4A:EA:69:43:8A,2017-03-15 07:01:14.540000000,97.58,97.48,97.64,97.65,97.55,35.18
88:4A:EA:69:42:9B,2017-03-15 07:01:14.910000128,94.2,94.28,94.24,94.1,94.19,48.89
88:4A:EA:69:43:8A,2017-03-15 07:01:15.060000000,97.54,97.47,97.49,97.58,97.63,34.8
88:4A:EA:69:E1:72,2017-03-15 07:01:15.310000128,1011.92,7.98,4.62,2.07,51.85,208.0
88:4A:EA:69:42:9B,2017-03-15 07:01:15.430000128,94.21,94.35,94.1,94.26,94.13,48.62
88:4A:EA:69:43:8A,2017-03-15 07:01:15.580000000,97.58,97.54,97.54,97.55,97.68,35.09
88:4A:EA:69:42:9B,2017-03-15 07:01:15.950000128,94.3,94.3,94.39,94.3,94.21,50.51
88:4A:EA:69:43:8A,2017-03-15 07:01:16.110000128,97.58,97.64,97.6,97.53,97.53,37.35
88:4A:EA:69:E1:72,2017-03-15 07:01:16.340000000,1141.9,8.31,4.74,2.05,51.85,211.0
88:4A:EA:69:42:9B,2017-03-15 07:01:16.480000000,94.27,94.24,94.18,94.31,94.35,50.74
88:4A:EA:69:43:8A,2017-03-15 07:01:16.630000128,97.56,97.48,97.51,97.65,97.61,34.9
88:4A:EA:69:42:9B,2017-03-15 07:01:17.000000000,94.3,94.36,94.3,94.26,94.26,49.49
88:4A:EA:69:43:8A,2017-03-15 07:01:17.150000128,97.6,97.65,97.58,97.53,97.63,36.04
88:4A:EA:69:E1:72,2017-03-15 07:01:17.409999872,998.21,7.92,4.58,2.02,51.85,211.0
88:4A:EA:69:42:9B,2017-03-15 07:01:17.520000000,94.31,94.43,94.38,94.33,94.09,47.52
88:4A:EA:69:43:8A,2017-03-15 07:01:17.670000128,97.57,97.55,97.6,97.55,97.59,35.52
88:4A:EA:69:42:9B,2017-03-15 07:01:18.040000000,94.22,94.25,94.37,94.13,94.12,47.54
88:4A:EA:69:43:8A,2017-03-15 07:01:18.200000000,97.6,97.54,97.59,97.65,97.63,34.68
88:4A:EA:69:E1:72,2017-03-15 07:01:18.489999872,1099.44,8.25,4.67,1.6,51.85,118.0
88:4A:EA:69:42:9B,2017-03-15 07:01:18.569999872,94.13,94.15,94.07,94.23,94.08,46.72
88:4A:EA:69:43:8A,2017-03-15 07:01:18.720000000,97.58,97.56,97.57,97.58,97.59,34.43
88:4A:EA:69:42:9B,2017-03-15 07:01:19.089999872,94.28,94.33,94.18,94.1,94.51,48.91
88:4A:EA:69:43:8A,2017-03-15 07:01:19.240000000,97.56,97.64,97.5,97.57,97.52,35.68
88:4A:EA:69:E1:72,2017-03-15 07:01:19.510000128,1111.51,8.01,4.57,2.07,51.85,210.0
88:4A:EA:69:42:9B,2017-03-15 07:01:19.609999872,94.16,94.09,94.16,94.13,94.26,50.66
88:4A:EA:69:43:8A,2017-03-15 07:01:19.760000000,97.56,97.54,97.54,97.62,97.55,33.95
88:4A:EA:69:42:9B,2017-03-15 07:01:20.140000000,94.21,94.31,93.97,94.24,94.32,46.57
88:4A:EA:69:43:8A,2017-03-15 07:01:20.289999872,97.64,97.65,97.71,97.57,97.64,37.08
88:4A:EA:69:E1:72,2017-03-15 07:01:20.540000000,1114.26,8.47,4.8,2.03,51.85,209.0
88:4A:EA:69:42:9B,2017-03-15 07:01:20.660000000,94.29,94.15,94.45,94.22,94.32,46.87
88:4A:EA:69:43:8A,2017-03-15 07:01:20.809999872,97.62,97.52,97.62,97.58,97.76,34.27
88:4A:EA:69:42:9B,2017-03-15 07:01:21.180000000,94.18,94.1,94.28,94.23,94.09,47.43
88:4A:EA:69:43:8A,2017-03-15 07:01:21.329999872,97.62,97.6,97.47,97.65,97.75,34.18
88:4A:EA:69:E1:72,2017-03-15 07:01:21.590000128,1097.06,8.09,4.61,2.05,51.85,209.0
88:4A:EA:69:42:9B,2017-03-15 07:01:21.700000000,94.22,94.26,94.21,94.08,94.33,49.14
88:4A:EA:69:43:8A,2017-03-15 07:01:21.860000000,97.56,97.53,97.52,97.58,97.62,34.72
88:4A:EA:69:42:9B,2017-03-15 07:01:22.230000128,94.19,94.25,94.3,94.09,94.1,49.31
88:4A:EA:69:43:8A,2017-03-15 07:01:22.380000000,97.61,97.69,97.58,97.52,97.66,34.12
88:4A:EA:69:E1:72,2017-03-15 07:01:22.609999872,1100.33,8.39,4.76,2.06,51.86,209.0
88:4A:EA:69:42:9B,2017-03-15 07:01:22.750000128,94.28,94.38,94.2,94.27,94.28,48.18
88:4A:EA:69:43:8A,2017-03-15 07:01:22.900000000,97.57,97.56,97.49,97.64,97.58,35.24
88:4A:EA:69:42:9B,2017-03-15 07:01:23.270000128,94.28,94.21,94.33,94.26,94.33,46.66
88:4A:EA:69:43:8A,2017-03-15 07:01:23.420000000,97.55,97.51,97.52,97.61,97.54,34.14
88:4A:EA:69:E1:72,2017-03-15 07:01:23.649999872,1137.16,7.96,4.51,2.04,51.85,208.0
88:4A:EA:69:42:9B,2017-03-15 07:01:23.790000128,94.21,94.19,94.11,94.36,94.19,46.3
88:4A:EA:69:43:8A,2017-03-15 07:01:23.950000128,97.58,97.55,97.53,97.65,97.59,34.61
88:4A:EA:69:42:9B,2017-03-15 07:01:24.320000000,94.27,94.14,94.35,94.28,94.3,44.7
88:4A:EA:69:43:8A,2017-03-15 07:01:24.470000128,97.53,97.52,97.56,97.59,97.45,34.54
88:4A:EA:69:E1:72,2017-03-15 07:01:24.760000000,1139.03,8.32,4.73,2.06,51.85,208.0
88:4A:EA:69:42:9B,2017-03-15 07:01:24.840000000,94.25,94.16,94.29,94.19,94.36,45.31
88:4A:EA:69:43:8A,2017-03-15 07:01:24.990000128,97.52,97.56,97.56,97.52,97.45,34.01
88:4A:EA:69:42:9B,2017-03-15 07:01:25.360000000,94.31,94.31,94.43,94.25,94.24,45.66
88:4A:EA:69:43:8A,2017-03-15 07:01:25.510000128,97.56,97.61,97.54,97.53,97.57,33.87
88:4A:EA:69:E1:72,2017-03-15 07:01:25.760000000,1151.25,8.11,4.7,2.09,51.86,211.0
88:4A:EA:69:42:9B,2017-03-15 07:01:25.889999872,94.26,94.37,94.22,94.28,94.17,48.08
88:4A:EA:69:43:8A,2017-03-15 07:01:26.040000000,97.54,97.56,97.61,97.49,97.5,35.47
88:4A:EA:69:42:9B,2017-03-15 07:01:26.409999872,94.26,94.17,94.29,94.23,94.34,47.83
88:4A:EA:69:43:8A,2017-03-15 07:01:26.560000000,97.48,97.45,97.47,97.51,97.48,34.63
88:4A:EA:69:E1:72,2017-03-15 07:01:26.809999872,1113.25,8.38,4.78,2.1,51.86,211.0
88:4A:EA:69:42:9B,2017-03-15 07:01:26.929999872,94.23,94.22,94.2,94.31,94.17,48.44
88:4A:EA:69:43:8A,2017-03-15 07:01:27.080000000,97.57,97.49,97.58,97.6,97.59,34.63
88:4A:EA:69:42:9B,2017-03-15 07:01:27.449999872,94.32,94.39,94.25,94.27,94.36,49.26
88:4A:EA:69:43:8A,2017-03-15 07:01:27.609999872,97.55,97.5,97.56,97.64,97.51,34.11
88:4A:EA:69:E1:72,2017-03-15 07:01:27.849999872,1115.51,8.04,4.7,2.09,51.86,210.0
88:4A:EA:69:42:9B,2017-03-15 07:01:27.980000000,94.25,94.21,94.38,94.22,94.17,48.7
88:4A:EA:69:43:8A,2017-03-15 07:01:28.129999872,97.48,97.43,97.5,97.46,97.56,35.18
88:4A:EA:69:42:9B,2017-03-15 07:01:28.500000000,94.29,94.33,94.21,94.4,94.24,49.04
88:4A:EA:69:43:8A,2017-03-15 07:01:28.649999872,97.53,97.55,97.53,97.62,97.42,35.78
88:4A:EA:69:E1:72,2017-03-15 07:01:28.910000128,1181.29,8.37,4.77,2.09,51.86,210.0
88:4A:EA:69:42:9B,2017-03-15 07:01:29.020000000,94.28,94.28,94.44,94.14,94.26,49.94
88:4A:EA:69:43:8A,2017-03-15 07:01:29.169999872,97.47,97.45,97.44,97.55,97.43,34.02
88:4A:EA:69:42:9B,2017-03-15 07:01:29.540000000,94.23,94.16,94.32,94.25,94.2,48.36
88:4A:EA:69:43:8A,2017-03-15 07:01:29.700000000,97.56,97.66,97.6,97.45,97.54,34.64
88:4A:EA:69:E1:72,2017-03-15 07:01:29.969999872,1266.24,8.12,4.76,2.09,51.86,209.0
88:4A:EA:69:42:9B,2017-03-15 07:01:30.070000128,94.29,94.36,94.21,94.37,94.23,48.16
88:4A:EA:69:43:8A,2017-03-15 07:01:30.220000000,97.57,97.62,97.6,97.46,97.6,34.34
88:4A:EA:69:42:9B,2017-03-15 07:01:30.590000128,94.27,94.49,94.35,94.09,94.16,47.09
88:4A:EA:69:43:8A,2017-03-15 07:01:30.740000000,97.55,97.63,97.59,97.49,97.47,33.54
88:4A:EA:69:E1:72,2017-03-15 07:01:30.980000000,1220.23,8.44,4.91,2.1,51.86,209.0
88:4A:EA:69:42:9B,2017-03-15 07:01:31.110000128,94.3,94.29,94.22,94.44,94.27,46.35
88:4A:EA:69:43:8A,2017-03-15 07:01:31.260000000,97.56,97.64,97.56,97.48,97.57,33.82
88:4A:EA:69:42:9B,2017-03-15 07:01:31.640000000,94.27,94.32,94.18,94.26,94.3,49.06
88:4A:EA:69:43:8A,2017-03-15 07:01:31.790000128,97.61,97.62,97.59,97.6,97.61,35.16
88:4A:EA:69:E1:72,2017-03-15 07:01:32.060000000,1169.61,8.15,4.86,2.2,51.86,208.0
88:4A:EA:69:42:9B,2017-03-15 07:01:32.160000000,94.1,94.02,94.24,94.07,94.08,46.2
88:4A:EA:69:43:8A,2017-03-15 07:01:32.310000128,97.58,97.55,97.58,97.65,97.55,35.54
88:4A:EA:69:42:9B,2017-03-15 07:01:32.680000000,94.33,94.42,94.37,94.17,94.36,46.88
88:4A:EA:69:43:8A,2017-03-15 07:01:32.830000128,97.57,97.45,97.64,97.6,97.58,34.66
88:4A:EA:69:E1:72,2017-03-15 07:01:33.110000128,1243.43,8.41,4.91,2.08,51.86,208.0
88:4A:EA:69:42:9B,2017-03-15 07:01:33.200000000,94.26,94.22,94.18,94.36,94.28,46.8
88:4A:EA:69:43:8A,2017-03-15 07:01:33.350000128,97.56,97.57,97.63,97.49,97.56,33.93
88:4A:EA:69:42:9B,2017-03-15 07:01:33.729999872,94.16,94.18,94.03,94.26,94.17,47.43
88:4A:EA:69:43:8A,2017-03-15 07:01:34.020000000,97.54,97.65,97.45,97.49,97.59,34.65
88:4A:EA:69:E1:72,2017-03-15 07:01:34.129999872,1134.53,8.04,4.79,2.14,51.86,208.0
88:4A:EA:69:42:9B,2017-03-15 07:01:34.249999872,94.26,94.38,94.28,94.12,94.25,50.15
88:4A:EA:69:43:8A,2017-03-15 07:01:34.550000128,97.56,97.55,97.58,97.59,97.51,36.49
88:4A:EA:69:42:9B,2017-03-15 07:01:34.769999872,94.24,94.31,94.25,94.22,94.19,51.14
88:4A:EA:69:43:8A,2017-03-15 07:01:35.070000128,97.5,97.53,97.54,97.54,97.41,36.61
88:4A:EA:69:E1:72,2017-03-15 07:01:35.209999872,1195.58,8.41,4.96,2.2,51.86,211.0
88:4A:EA:69:42:9B,2017-03-15 07:01:35.289999872,94.23,94.3,94.17,94.28,94.19,46.67
88:4A:EA:69:43:8A,2017-03-15 07:01:35.590000128,97.52,97.59,97.47,97.5,97.51,38.66
88:4A:EA:69:42:9B,2017-03-15 07:01:35.820000000,94.3,94.47,94.27,94.24,94.21,45.73
88:4A:EA:69:43:8A,2017-03-15 07:01:36.120000000,97.46,97.51,97.4,97.5,97.43,34.48
88:4A:EA:69:E1:72,2017-03-15 07:01:36.270000128,1251.66,8.14,4.82,2.15,51.86,211.0
88:4A:EA:69:42:9B,2017-03-15 07:01:36.340000000,94.21,94.16,94.25,94.23,94.19,47.75
88:4A:EA:69:43:8A,2017-03-15 07:01:36.640000000,97.49,97.4,97.53,97.53,97.51,33.9
88:4A:EA:69:42:9B,2017-03-15 07:01:36.860000000,94.3,94.27,94.21,94.49,94.23,46.96
88:4A:EA:69:43:8A,2017-03-15 07:01:37.160000000,97.53,97.6,97.5,97.53,97.5,33.82
88:4A:EA:69:E1:72,2017-03-15 07:01:37.310000128,1235.23,8.58,5.03,2.17,51.87,210.0
88:4A:EA:69:42:9B,2017-03-15 07:01:37.380000000,94.24,94.3,94.23,94.17,94.24,51.08
88:4A:EA:69:43:8A,2017-03-15 07:01:37.680000000,97.56,97.52,97.59,97.56,97.57,35.35
88:4A:EA:69:42:9B,2017-03-15 07:01:37.910000128,94.26,94.22,94.35,94.26,94.22,50.33
88:4A:EA:69:43:8A,2017-03-15 07:01:38.209999872,97.52,97.49,97.56,97.62,97.39,34.19
88:4A:EA:69:E1:72,2017-03-15 07:01:38.320000000,1213.84,8.17,4.93,2.12,51.87,210.0
88:4A:EA:69:42:9B,2017-03-15 07:01:38.430000128,94.22,94.3,94.21,94.36,94.02,46.87
88:4A:EA:69:43:8A,2017-03-15 07:01:38.729999872,97.49,97.45,97.54,97.49,97.49,36.98
88:4A:EA:69:42:9B,2017-03-15 07:01:38.950000128,94.16,94.04,94.25,94.1,94.23,47.18
88:4A:EA:69:43:8A,2017-03-15 07:01:39.249999872,97.49,97.45,97.45,97.56,97.5,33.62
88:4A:EA:69:E1:72,2017-03-15 07:01:39.380000000,1210.66,8.33,4.83,2.1,51.87,210.0
88:4A:EA:69:42:9B,2017-03-15 07:01:39.480000000,94.21,94.09,94.22,94.34,94.17,47.56
88:4A:EA:69:43:8A,2017-03-15 07:01:39.769999872,97.51,97.58,97.52,97.42,97.53,33.88
88:4A:EA:69:42:9B,2017-03-15 07:01:40.000000000,94.23,94.33,94.08,94.2,94.3,47.63
88:4A:EA:69:43:8A,2017-03-15 07:01:40.300000000,97.5,97.4,97.47,97.54,97.58,34.82
88:4A:EA:69:E1:72,2017-03-15 07:01:40.390000128,1295.65,8.19,4.85,2.18,51.87,209.0
88:4A:EA:69:42:9B,2017-03-15 07:01:40.520000000,94.21,94.04,94.44,94.15,94.22,46.55
88:4A:EA:69:43:8A,2017-03-15 07:01:40.820000000,97.54,97.49,97.5,97.59,97.56,35.09
88:4A:EA:69:42:9B,2017-03-15 07:01:41.040000000,94.27,94.33,94.31,94.31,94.14,44.44
88:4A:EA:69:43:8A,2017-03-15 07:01:41.340000000,97.52,97.59,97.55,97.48,97.47,34.52
88:4A:EA:69:E1:72,2017-03-15 07:01:41.440000000,1335.42,8.45,4.86,2.2,51.87,209.0
88:4A:EA:69:42:9B,2017-03-15 07:01:41.569999872,94.22,94.14,94.35,94.13,94.26,44.84
88:4A:EA:69:43:8A,2017-03-15 07:01:41.860000000,97.5,97.5,97.51,97.51,97.48,34.07
88:4A:EA:69:42:9B,2017-03-15 07:01:42.089999872,94.23,94.29,94.22,94.27,94.15,45.31
88:4A:EA:69:43:8A,2017-03-15 07:01:42.390000128,97.5,97.37,97.57,97.57,97.48,39.81
88:4A:EA:69:E1:72,2017-03-15 07:01:42.489999872,1384.99,8.57,4.93,2.17,51.87,208.0
88:4A:EA:69:42:9B,2017-03-15 07:01:42.609999872,94.22,94.33,94.06,94.25,94.24,46.74
88:4A:EA:69:43:8A,2017-03-15 07:01:42.910000128,97.53,97.51,97.6,97.43,97.59,38.19
88:4A:EA:69:42:9B,2017-03-15 07:01:43.129999872,94.18,94.14,94.22,94.19,94.17,49.65
88:4A:EA:69:43:8A,2017-03-15 07:01:43.430000128,97.5,97.55,97.43,97.54,97.47,40.25
88:4A:EA:69:E1:72,2017-03-15 07:01:43.540000000,1270.37,8.46,4.89,2.2,51.88,208.0
88:4A:EA:69:42:9B,2017-03-15 07:01:43.660000000,94.25,94.25,94.2,94.36,94.16,50.03
88:4A:EA:69:43:8A,2017-03-15 07:01:43.960000000,97.53,97.59,97.53,97.5,97.51,35.93
88:4A:EA:69:42:9B,2017-03-15 07:01:44.180000000,94.24,94.21,94.23,94.3,94.22,48.57
88:4A:EA:69:43:8A,2017-03-15 07:01:44.480000000,97.6,97.59,97.65,97.63,97.52,38.72
88:4A:EA:69:E1:72,2017-03-15 07:01:44.590000128,1410.82,8.48,4.8,2.1,51.88,208.0
88:4A:EA:69:42:9B,2017-03-15 07:01:44.700000000,94.19,94.06,94.24,94.32,94.13,49.16
88:4A:EA:69:43:8A,2017-03-15 07:01:45.000000000,97.56,97.6,97.59,97.49,97.56,39.17
88:4A:EA:69:42:9B,2017-03-15 07:01:45.220000000,94.22,94.19,94.25,94.31,94.12,48.07
88:4A:EA:69:43:8A,2017-03-15 07:01:45.520000000,97.57,97.53,97.56,97.54,97.66,37.08
88:4A:EA:69:E1:72,2017-03-15 07:01:45.620000000,1252.19,8.36,4.77,2.16,51.88,211.0
88:4A:EA:69:42:9B,2017-03-15 07:01:45.750000128,94.2,94.19,94.13,94.18,94.29,46.91
88:4A:EA:69:43:8A,2017-03-15 07:01:46.049999872,97.6,97.69,97.63,97.53,97.56,37.37
88:4A:EA:69:42:9B,2017-03-15 07:01:46.270000128,94.28,94.21,94.43,94.22,94.27,48.32
88:4A:EA:69:43:8A,2017-03-15 07:01:46.569999872,97.52,97.53,97.49,97.61,97.44,35.58
88:4A:EA:69:E1:72,2017-03-15 07:01:46.670000128,1450.38,8.48,4.88,2.1,51.88,211.0
88:4A:EA:69:42:9B,2017-03-15 07:01:46.790000128,94.27,94.32,94.21,94.29,94.27,48.49
88:4A:EA:69:43:8A,2017-03-15 07:01:47.089999872,97.5,97.5,97.51,97.42,97.56,40.7
88:4A:EA:69:42:9B,2017-03-15 07:01:47.320000000,94.29,94.24,94.24,94.18,94.48,47.87
88:4A:EA:69:43:8A,2017-03-15 07:01:47.609999872,97.53,97.57,97.45,97.56,97.55,36.94
88:4A:EA:69:E1:72,2017-03-15 07:01:47.710000128,1329.28,8.36,4.61,1.72,51.88,119.0
88:4A:EA:69:42:9B,2017-03-15 07:01:47.840000000,94.18,94.12,94.28,94.08,94.24,49.05
88:4A:EA:69:43:8A,2017-03-15 07:01:48.140000000,97.51,97.55,97.54,97.43,97.51,34.44
88:4A:EA:69:42:9B,2017-03-15 07:01:48.510000128,94.22,94.26,94.17,94.2,94.25,47.37
88:4A:EA:69:43:8A,2017-03-15 07:01:48.660000000,97.63,97.73,97.64,97.62,97.54,35.06
88:4A:EA:69:E1:72,2017-03-15 07:01:48.760000000,1418.46,8.6,4.9,2.11,51.88,210.0
88:4A:EA:69:42:9B,2017-03-15 07:01:49.030000128,94.22,94.09,94.24,94.24,94.32,47.38
88:4A:EA:69:43:8A,2017-03-15 07:01:49.180000000,97.55,97.55,97.47,97.61,97.55,35.35
88:4A:EA:69:42:9B,2017-03-15 07:01:49.550000128,94.23,94.1,94.26,94.41,94.17,47.88
88:4A:EA:69:43:8A,2017-03-15 07:01:49.700000000,97.56,97.55,97.62,97.61,97.46,34.38
88:4A:EA:69:E1:72,2017-03-15 07:01:49.809999872,1324.87,8.64,4.73,2.03,51.88,210.0
88:4A:EA:69:42:9B,2017-03-15 07:01:50.080000000,94.28,94.36,94.22,94.16,94.38,44.67
88:4A:EA:69:43:8A,2017-03-15 07:01:50.230000128,97.5,97.5,97.58,97.47,97.44,41.43
88:4A:EA:69:42:9B,2017-03-15 07:01:50.600000000,94.25,94.26,94.24,94.21,94.28,45.77
88:4A:EA:69:43:8A,2017-03-15 07:01:50.750000128,97.52,97.49,97.52,97.49,97.6,34.13
88:4A:EA:69:E1:72,2017-03-15 07:01:50.860000000,1436.06,8.8,4.86,2.06,51.88,209.0
88:4A:EA:69:42:9B,2017-03-15 07:01:51.120000000,94.21,94.34,94.08,94.3,94.12,46.62
88:4A:EA:69:43:8A,2017-03-15 07:01:51.270000128,97.61,97.52,97.59,97.66,97.67,34.0
88:4A:EA:69:42:9B,2017-03-15 07:01:51.640000000,94.17,94.09,94.21,94.23,94.14,47.53
88:4A:EA:69:43:8A,2017-03-15 07:01:51.800000000,97.57,97.56,97.58,97.64,97.52,34.44
88:4A:EA:69:E1:72,2017-03-15 07:01:51.920000000,1356.2,8.55,4.73,2.06,51.88,209.0
88:4A:EA:69:42:9B,2017-03-15 07:01:52.169999872,94.23,94.26,94.17,94.34,94.17,50.44
88:4A:EA:69:43:8A,2017-03-15 07:01:52.320000000,97.6,97.54,97.6,97.64,97.63,35.68
88:4A:EA:69:42:9B,2017-03-15 07:01:52.689999872,94.27,94.32,94.15,94.28,94.33,48.72
88:4A:EA:69:43:8A,2017-03-15 07:01:52.840000000,97.55,97.58,97.53,97.47,97.61,37.68
88:4A:EA:69:E1:72,2017-03-15 07:01:52.940000000,1521.56,8.86,4.93,2.17,51.88,209.0
88:4A:EA:69:42:9B,2017-03-15 07:01:53.209999872,94.19,94.11,94.27,94.19,94.2,48.84
88:4A:EA:69:43:8A,2017-03-15 07:01:53.360000000,97.6,97.63,97.71,97.54,97.53,34.94
88:4A:EA:69:42:9B,2017-03-15 07:01:53.740000000,94.28,94.37,94.24,94.25,94.26,48.49
88:4A:EA:69:43:8A,2017-03-15 07:01:53.880000000,97.51,97.53,97.48,97.55,97.48,36.08
88:4A:EA:69:E1:72,2017-03-15 07:01:53.990000128,1323.85,8.67,4.75,1.65,51.89,118.0
88:4A:EA:69:42:9B,2017-03-15 07:01:54.260000000,94.18,94.06,94.17,94.23,94.26,46.67
88:4A:EA:69:43:8A,2017-03-15 07:01:54.409999872,97.5,97.53,97.49,97.49,97.51,33.96
88:4A:EA:69:42:9B,2017-03-15 07:01:54.780000000,94.24,94.06,94.37,94.14,94.39,46.16
88:4A:EA:69:43:8A,2017-03-15 07:01:54.929999872,97.5,97.42,97.54,97.56,97.49,35.23
88:4A:EA:69:E1:72,2017-03-15 07:01:55.040000000,1417.75,8.9,4.96,2.04,51.89,208.0
88:4A:EA:69:42:9B,2017-03-15 07:01:55.300000000,94.19,94.21,94.08,94.25,94.23,47.28
88:4A:EA:69:43:8A,2017-03-15 07:01:55.449999872,97.62,97.46,97.66,97.66,97.68,34.46
88:4A:EA:69:42:9B,2017-03-15 07:01:55.830000128,94.25,94.2,94.3,94.22,94.27,48.99
88:4A:EA:69:43:8A,2017-03-15 07:01:55.980000000,97.58,97.56,97.65,97.52,97.61,33.94
88:4A:EA:69:E1:72,2017-03-15 07:01:56.060000000,1259.35,8.48,4.7,2.08,51.89,208.0
88:4A:EA:69:42:9B,2017-03-15 07:01:56.350000128,94.2,94.16,94.3,94.17,94.15,46.67
88:4A:EA:69:43:8A,2017-03-15 07:01:56.500000000,97.59,97.6,97.59,97.62,97.56,36.44
88:4A:EA:69:42:9B,2017-03-15 07:01:56.870000128,94.22,94.25,94.2,94.31,94.11,45.64
88:4A:EA:69:43:8A,2017-03-15 07:01:57.020000000,97.54,97.5,97.55,97.62,97.51,34.16
88:4A:EA:69:E1:72,2017-03-15 07:01:57.120000000,1433.6,8.88,4.94,2.11,51.89,208.0
88:4A:EA:69:42:9B,2017-03-15 07:01:57.390000128,94.22,94.2,94.06,94.28,94.34,44.87
88:4A:EA:69:43:8A,2017-03-15 07:01:57.540000000,97.54,97.59,97.48,97.48,97.61,35.36
88:4A:EA:69:42:9B,2017-03-15 07:01:57.920000000,94.24,94.25,94.08,94.44,94.2,44.65
88:4A:EA:69:43:8A,2017-03-15 07:01:58.070000128,97.64,97.78,97.65,97.56,97.57,34.19
88:4A:EA:69:E1:72,2017-03-15 07:01:58.200000000,1346.41,8.61,4.84,2.12,51.89,208.0
88:4A:EA:69:42:9B,2017-03-15 07:01:58.440000000,94.19,94.36,94.09,94.06,94.25,45.53
88:4A:EA:69:43:8A,2017-03-15 07:01:58.590000128,97.6,97.73,97.5,97.61,97.56,34.37
88:4A:EA:69:42:9B,2017-03-15 07:01:58.960000000,94.23,94.11,94.39,94.21,94.2,45.95
88:4A:EA:69:43:8A,2017-03-15 07:01:59.110000128,97.55,97.54,97.52,97.59,97.56,35.51
88:4A:EA:69:E1:72,2017-03-15 07:01:59.209999872,1382.08,8.91,5.0,1.68,51.89,119.0
88:4A:EA:69:42:9B,2017-03-15 07:01:59.480000000,94.27,94.18,94.29,94.33,94.29,45.87
88:4A:EA:69:43:8A,2017-03-15 07:01:59.630000128,97.56,97.51,97.54,97.57,97.64,35.9
88:4A:EA:69:42:9B,2017-03-15 07:02:00.009999872,94.1,94.13,94.08,94.06,94.14,49.48
88:4A:EA:69:43:8A,2017-03-15 07:02:00.160000000,97.59,97.59,97.65,97.58,97.54,34.62
88:4A:EA:69:E1:72,2017-03-15 07:02:00.270000128,1167.34,8.51,4.83,2.16,51.89,211.0
88:4A:EA:69:42:9B,2017-03-15 07:02:00.529999872,94.23,94.16,94.27,94.33,94.16,50.58
88:4A:EA:69:43:8A,2017-03-15 07:02:00.680000000,97.68,97.72,97.64,97.62,97.74,34.36
88:4A:EA:69:42:9B,2017-03-15 07:02:01.049999872,94.28,94.31,94.29,94.26,94.25,47.96
88:4A:EA:69:43:8A,2017-03-15 07:02:01.200000000,97.63,97.61,97.65,97.65,97.6,36.92
88:4A:EA:69:E1:72,2017-03-15 07:02:01.310000128,1329.15,8.81,4.91,1.72,51.9,119.0
88:4A:EA:69:42:9B,2017-03-15 07:02:01.569999872,94.18,94.14,94.21,94.09,94.3,48.61
88:4A:EA:69:43:8A,2017-03-15 07:02:01.720000000,97.63,97.65,97.65,97.6,97.63,33.78
88:4A:EA:69:42:9B,2017-03-15 07:02:02.100000000,94.34,94.36,94.38,94.32,94.3,48.88
88:4A:EA:69:43:8A,2017-03-15 07:02:02.249999872,97.58,97.56,97.56,97.62,97.58,33.95
88:4A:EA:69:E1:72,2017-03-15 07:02:02.360000000,1193.69,8.37,4.77,2.16,51.9,210.0
88:4A:EA:69:42:9B,2017-03-15 07:02:02.620000000,94.22,94.19,94.24,94.3,94.14,49.04
88:4A:EA:69:43:8A,2017-03-15 07:02:02.769999872,97.63,97.6,97.66,97.58,97.67,33.5
88:4A:EA:69:42:9B,2017-03-15 07:02:03.140000000,94.19,94.06,94.27,94.12,94.33,48.67
88:4A:EA:69:43:8A,2017-03-15 07:02:03.289999872,97.66,97.64,97.73,97.66,97.59,35.48
88:4A:EA:69:E1:72,2017-03-15 07:02:03.409999872,1292.57,8.81,4.92,2.18,51.9,210.0
88:4A:EA:69:42:9B,2017-03-15 07:02:03.660000000,94.22,94.43,94.25,94.04,94.15,48.62
88:4A:EA:69:43:8A,2017-03-15 07:02:03.820000000,97.61,97.64,97.67,97.56,97.59,34.46
88:4A:EA:69:42:9B,2017-03-15 07:02:04.190000128,94.25,94.4,94.09,94.24,94.27,48.25
88:4A:EA:69:43:8A,2017-03-15 07:02:04.340000000,97.57,97.57,97.57,97.61,97.55,34.06
88:4A:EA:69:E1:72,2017-03-15 07:02:04.430000128,1277.22,8.37,4.88,2.11,51.9,210.0
88:4A:EA:69:42:9B,2017-03-15 07:02:04.710000128,94.24,94.11,94.4,94.19,94.26,46.51
88:4A:EA:69:43:8A,2017-03-15 07:02:04.860000000,97.57,97.49,97.61,97.67,97.52,34.19
88:4A:EA:69:42:9B,2017-03-15 07:02:05.230000128,94.2,94.21,94.22,94.28,94.08,45.75
88:4A:EA:69:43:8A,2017-03-15 07:02:05.380000000,97.61,97.56,97.6,97.65,97.61,35.43
88:4A:EA:69:E1:72,2017-03-15 07:02:05.489999872,1192.89,8.68,4.92,1.69,51.9,118.0
88:4A:EA:69:42:9B,2017-03-15 07:02:05.760000000,94.32,94.36,94.23,94.31,94.37,47.22
88:4A:EA:69:43:8A,2017-03-15 07:02:05.910000128,97.6,97.56,97.63,97.55,97.66,36.61
88:4A:EA:69:42:9B,2017-03-15 07:02:06.280000000,94.18,94.08,94.28,94.2,94.16,45.99
88:4A:EA:69:43:8A,2017-03-15 07:02:06.430000128,97.56,97.6,97.56,97.52,97.54,36.39
88:4A:EA:69:E1:72,2017-03-15 07:02:06.560000000,1227.12,8.36,4.87,2.16,51.9,209.0
88:4A:EA:69:42:9B,2017-03-15 07:02:06.800000000,94.12,94.25,94.06,94.17,93.99,45.92
88:4A:EA:69:43:8A,2017-03-15 07:02:06.950000128,97.57,97.56,97.47,97.64,97.6,35.52
88:4A:EA:69:42:9B,2017-03-15 07:02:07.320000000,94.24,94.17,94.38,94.16,94.25,46.13
88:4A:EA:69:43:8A,2017-03-15 07:02:07.480000000,97.46,97.41,97.47,97.46,97.51,34.7
88:4A:EA:69:E1:72,2017-03-15 07:02:07.609999872,1214.23,8.4,4.72,2.24,51.91,209.0
88:4A:EA:69:42:9B,2017-03-15 07:02:07.849999872,94.14,94.05,94.11,94.25,94.16,45.58
88:4A:EA:69:43:8A,2017-03-15 07:02:08.000000000,97.52,97.54,97.48,97.5,97.54,34.49
88:4A:EA:69:42:9B,2017-03-15 07:02:08.369999872,94.18,94.19,94.1,94.01,94.42,45.88
88:4A:EA:69:43:8A,2017-03-15 07:02:08.520000000,97.49,97.55,97.57,97.38,97.45,35.15
88:4A:EA:69:E1:72,2017-03-15 07:02:08.620000000,1264.95,8.28,4.83,2.09,51.91,208.0
88:4A:EA:69:42:9B,2017-03-15 07:02:08.889999872,94.16,94.2,94.17,94.15,94.13,46.95
88:4A:EA:69:43:8A,2017-03-15 07:02:09.040000000,97.6,97.54,97.63,97.66,97.56,34.6
88:4A:EA:69:42:9B,2017-03-15 07:02:09.420000000,94.23,94.28,94.29,94.24,94.1,46.69
88:4A:EA:69:43:8A,2017-03-15 07:02:09.569999872,97.54,97.46,97.57,97.62,97.5,34.99
88:4A:EA:69:E1:72,2017-03-15 07:02:09.660000000,1328.36,8.52,4.84,2.07,51.91,208.0
88:4A:EA:69:42:9B,2017-03-15 07:02:09.940000000,94.21,94.14,94.29,94.15,94.26,47.4
88:4A:EA:69:43:8A,2017-03-15 07:02:10.089999872,97.54,97.5,97.54,97.54,97.57,34.16
88:4A:EA:69:42:9B,2017-03-15 07:02:10.460000000,94.14,94.35,94.06,94.16,93.98,48.05
88:4A:EA:69:43:8A,2017-03-15 07:02:10.609999872,97.59,97.72,97.57,97.58,97.48,34.83
88:4A:EA:69:E1:72,2017-03-15 07:02:10.729999872,1262.81,8.54,4.88,1.61,51.91,119.0
88:4A:EA:69:42:9B,2017-03-15 07:02:10.980000000,94.11,94.1,93.97,94.17,94.22,47.83
88:4A:EA:69:43:8A,2017-03-15 07:02:11.129999872,97.52,97.47,97.45,97.59,97.59,36.18
88:4A:EA:69:42:9B,2017-03-15 07:02:11.510000128,94.19,94.08,94.28,94.27,94.14,48.63
88:4A:EA:69:43:8A,2017-03-15 07:02:11.660000000,97.57,97.63,97.58,97.59,97.5,36.0
88:4A:EA:69:E1:72,2017-03-15 07:02:11.780000000,1290.42,8.63,4.89,2.17,51.91,211.0
88:4A:EA:69:42:9B,2017-03-15 07:02:12.030000128,94.17,94.3,94.09,94.12,94.16,50.01
88:4A:EA:69:43:8A,2017-03-15 07:02:12.180000000,97.62,97.64,97.59,97.56,97.68,35.74
88:4A:EA:69:42:9B,2017-03-15 07:02:12.550000128,94.2,94.24,94.23,94.22,94.12,48.45
88:4A:EA:69:43:8A,2017-03-15 07:02:12.700000000,97.56,97.53,97.58,97.57,97.56,35.3
88:4A:EA:69:E1:72,2017-03-15 07:02:12.790000128,1218.11,8.41,4.73,2.06,51.91,211.0
88:4A:EA:69:42:9B,2017-03-15 07:02:13.070000128,94.24,94.04,94.35,94.19,94.4,47.7
88:4A:EA:69:43:8A,2017-03-15 07:02:13.220000000,97.55,97.54,97.56,97.48,97.61,33.99
88:4A:EA:69:42:9B,2017-03-15 07:02:13.600000000,94.15,94.21,94.09,94.25,94.05,45.85
88:4A:EA:69:43:8A,2017-03-15 07:02:13.750000128,97.55,97.57,97.63,97.45,97.54,34.55
88:4A:EA:69:E1:72,2017-03-15 07:02:13.870000128,1237.91,8.49,4.77,2.15,51.92,210.0
88:4A:EA:69:42:9B,2017-03-15 07:02:14.120000000,94.2,94.35,94.22,94.15,94.09,44.91
88:4A:EA:69:43:8A,2017-03-15 07:02:14.270000128,97.55,97.51,97.52,97.54,97.62,34.84
88:4A:EA:69:42:9B,2017-03-15 07:02:14.640000000,94.31,94.18,94.48,94.32,94.27,46.15
88:4A:EA:69:43:8A,2017-03-15 07:02:14.790000128,97.54,97.52,97.64,97.52,97.49,34.75
88:4A:EA:69:E1:72,2017-03-15 07:02:14.889999872,1275.5,8.34,4.75,2.05,51.92,210.0
88:4A:EA:69:42:9B,2017-03-15 07:02:15.160000000,94.21,94.29,94.1,94.42,94.04,49.21
88:4A:EA:69:43:8A,2017-03-15 07:02:15.320000000,97.56,97.57,97.56,97.51,97.61,33.99
88:4A:EA:69:42:9B,2017-03-15 07:02:15.689999872,94.26,94.31,94.25,94.18,94.31,46.44
88:4A:EA:69:43:8A,2017-03-15 07:02:15.840000000,97.58,97.59,97.57,97.58,97.6,34.21
88:4A:EA:69:E1:72,2017-03-15 07:02:15.980000000,1251.43,8.56,4.76,2.07,51.92,209.0
88:4A:EA:69:42:9B,2017-03-15 07:02:16.209999872,94.27,94.28,94.31,94.22,94.27,44.61
88:4A:EA:69:43:8A,2017-03-15 07:02:16.360000000,97.54,97.56,97.58,97.52,97.51,35.42
88:4A:EA:69:42:9B,2017-03-15 07:02:16.729999872,94.33,94.44,94.24,94.25,94.4,45.45
88:4A:EA:69:43:8A,2017-03-15 07:02:16.880000000,97.56,97.6,97.54,97.55,97.53,34.9
88:4A:EA:69:E1:72,2017-03-15 07:02:17.000000000,1239.61,8.54,4.81,2.08,51.92,209.0
88:4A:EA:69:42:9B,2017-03-15 07:02:17.260000000,94.27,94.22,94.28,94.33,94.25,45.47
88:4A:EA:69:43:8A,2017-03-15 07:02:17.409999872,97.54,97.57,97.5,97.54,97.54,34.9
88:4A:EA:69:42:9B,2017-03-15 07:02:17.780000000,94.29,94.27,94.32,94.48,94.1,44.23
88:4A:EA:69:43:8A,2017-03-15 07:02:17.929999872,97.59,97.53,97.68,97.63,97.54,34.72
88:4A:EA:69:E1:72,2017-03-15 07:02:18.040000000,1286.44,8.7,4.77,2.12,51.92,209.0
88:4A:EA:69:42:9B,2017-03-15 07:02:18.300000000,94.29,94.32,94.21,94.2,94.43,44.67
88:4A:EA:69:43:8A,2017-03-15 07:02:18.449999872,97.57,97.63,97.49,97.63,97.51,40.54
88:4A:EA:69:42:9B,2017-03-15 07:02:18.820000000,94.27,94.34,94.26,94.3,94.19,45.93
88:4A:EA:69:43:8A,2017-03-15 07:02:18.969999872,97.59,97.61,97.66,97.54,97.53,40.41
88:4A:EA:69:E1:72,2017-03-15 07:02:19.089999872,1177.19,8.36,4.69,2.0,51.92,208.0
88:4A:EA:69:42:9B,2017-03-15 07:02:19.340000000,94.36,94.49,94.32,94.33,94.28,46.98
88:4A:EA:69:43:8A,2017-03-15 07:02:19.500000000,97.6,97.64,97.6,97.55,97.62,39.71
88:4A:EA:69:42:9B,2017-03-15 07:02:19.870000128,94.28,94.14,94.3,94.28,94.39,48.1
88:4A:EA:69:43:8A,2017-03-15 07:02:20.020000000,97.56,97.48,97.57,97.62,97.55,34.35
88:4A:EA:69:E1:72,2017-03-15 07:02:20.120000000,1243.23,8.55,4.73,2.11,51.92,208.0
88:4A:EA:69:42:9B,2017-03-15 07:02:20.390000128,94.24,94.19,94.23,94.35,94.2,53.53
88:4A:EA:69:43:8A,2017-03-15 07:02:20.540000000,97.54,97.49,97.66,97.49,97.5,34.1
88:4A:EA:69:42:9B,2017-03-15 07:02:20.910000128,94.29,94.41,94.36,94.13,94.27,48.22
88:4A:EA:69:43:8A,2017-03-15 07:02:21.060000000,97.59,97.55,97.63,97.6,97.59,35.36
88:4A:EA:69:E1:72,2017-03-15 07:02:21.160000000,1172.5,8.48,4.79,2.06,51.93,211.0
88:4A:EA:69:42:9B,2017-03-15 07:02:21.440000000,94.28,94.15,94.27,94.24,94.44,45.51
88:4A:EA:69:43:8A,2017-03-15 07:02:21.590000128,97.62,97.6,97.7,97.57,97.6,36.18
88:4A:EA:69:42:9B,2017-03-15 07:02:21.960000000,94.25,94.27,94.17,94.31,94.26,44.88
88:4A:EA:69:43:8A,2017-03-15 07:02:22.110000128,97.57,97.53,97.58,97.61,97.54,33.83
88:4A:EA:69:E1:72,2017-03-15 07:02:22.209999872,1135.05,8.49,4.63,2.14,51.93,211.0
88:4A:EA:69:42:9B,2017-03-15 07:02:22.480000000,94.27,94.32,94.22,94.26,94.27,44.68
88:4A:EA:69:43:8A,2017-03-15 07:02:22.630000128,97.57,97.56,97.62,97.56,97.56,34.47
88:4A:EA:69:42:9B,2017-03-15 07:02:23.000000000,94.31,94.42,94.36,94.14,94.33,44.96
88:4A:EA:69:43:8A,2017-03-15 07:02:23.160000000,97.58,97.56,97.61,97.57,97.58,36.38
88:4A:EA:69:E1:72,2017-03-15 07:02:23.300000000,1153.24,8.39,4.69,2.06,51.93,210.0
88:4A:EA:69:42:9B,2017-03-15 07:02:23.529999872,94.23,94.21,94.17,94.27,94.25,45.1
88:4A:EA:69:43:8A,2017-03-15 07:02:23.680000000,97.58,97.62,97.54,97.52,97.63,35.55
88:4A:EA:69:42:9B,2017-03-15 07:02:24.049999872,94.24,94.27,94.37,94.16,94.16,45.52
88:4A:EA:69:43:8A,2017-03-15 07:02:24.200000000,97.52,97.47,97.54,97.56,97.51,36.37
88:4A:EA:69:E1:72,2017-03-15 07:02:24.320000000,1158.32,8.39,4.57,2.09,51.93,210.0
88:4A:EA:69:42:9B,2017-03-15 07:02:24.569999872,94.18,94.14,94.33,94.12,94.14,45.87
88:4A:EA:69:43:8A,2017-03-15 07:02:24.720000000,97.57,97.72,97.39,97.53,97.63,34.28
88:4A:EA:69:42:9B,2017-03-15 07:02:25.089999872,94.24,94.28,94.07,94.35,94.25,46.31
88:4A:EA:69:43:8A,2017-03-15 07:02:25.249999872,97.56,97.57,97.54,97.59,97.53,34.46
88:4A:EA:69:E1:72,2017-03-15 07:02:25.340000000,1194.87,8.34,4.63,2.04,51.93,209.0
88:4A:EA:69:42:9B,2017-03-15 07:02:25.620000000,94.28,94.26,94.31,94.22,94.35,47.41
88:4A:EA:69:43:8A,2017-03-15 07:02:25.769999872,97.51,97.53,97.55,97.47,97.5,34.52
88:4A:EA:69:42:9B,2017-03-15 07:02:26.140000000,94.25,94.29,94.28,94.22,94.22,47.57
88:4A:EA:69:43:8A,2017-03-15 07:02:26.289999872,97.57,97.57,97.65,97.54,97.53,34.9
88:4A:EA:69:E1:72,2017-03-15 07:02:26.390000128,1203.32,8.5,4.66,2.08,51.94,209.0
88:4A:EA:69:42:9B,2017-03-15 07:02:26.660000000,94.25,94.37,94.14,94.22,94.27,47.88
88:4A:EA:69:43:8A,2017-03-15 07:02:26.809999872,97.6,97.75,97.56,97.55,97.52,35.04
88:4A:EA:69:42:9B,2017-03-15 07:02:27.180000000,94.28,94.25,94.4,94.2,94.26,47.52
88:4A:EA:69:43:8A,2017-03-15 07:02:27.340000000,97.57,97.61,97.59,97.54,97.54,34.42
88:4A:EA:69:E1:72,2017-03-15 07:02:27.470000128,1134.01,8.47,4.76,2.06,51.94,208.0
88:4A:EA:69:42:9B,2017-03-15 07:02:27.710000128,94.29,94.38,94.18,94.32,94.26,49.61
88:4A:EA:69:43:8A,2017-03-15 07:02:27.860000000,97.55,97.62,97.56,97.5,97.51,34.95
88:4A:EA:69:42:9B,2017-03-15 07:02:28.230000128,94.23,94.16,94.2,94.19,94.35,47.89
88:4A:EA:69:43:8A,2017-03-15 07:02:28.380000000,97.54,97.56,97.52,97.52,97.56,35.22
88:4A:EA:69:E1:72,2017-03-15 07:02:28.489999872,1096.04,8.43,4.65,2.12,51.94,208.0
88:4A:EA:69:42:9B,2017-03-15 07:02:28.750000128,94.23,94.09,94.27,94.41,94.16,48.48
88:4A:EA:69:43:8A,2017-03-15 07:02:28.900000000,97.62,97.68,97.62,97.57,97.63,35.07
88:4A:EA:69:42:9B,2017-03-15 07:02:29.280000000,94.21,94.15,94.31,94.2,94.16,48.04
88:4A:EA:69:43:8A,2017-03-15 07:02:29.430000128,97.59,97.45,97.69,97.63,97.6,36.27
88:4A:EA:69:E1:72,2017-03-15 07:02:29.540000000,1165.89,8.33,4.68,2.3,51.94,211.0
88:4A:EA:69:42:9B,2017-03-15 07:02:29.800000000,94.28,94.14,94.46,94.2,94.34,48.93
88:4A:EA:69:43:8A,2017-03-15 07:02:29.950000128,97.61,97.66,97.6,97.59,97.58,35.24
88:4A:EA:69:42:9B,2017-03-15 07:02:30.320000000,94.25,94.27,94.18,94.25,94.31,49.23
88:4A:EA:69:43:8A,2017-03-15 07:02:30.470000128,97.61,97.57,97.56,97.65,97.68,34.35
88:4A:EA:69:E1:72,2017-03-15 07:02:30.560000000,1159.95,8.48,4.66,2.08,51.94,210.0
88:4A:EA:69:42:9B,2017-03-15 07:02:30.840000000,94.25,94.29,94.25,94.22,94.23,48.14
88:4A:EA:69:43:8A,2017-03-15 07:02:31.000000000,97.54,97.47,97.47,97.67,97.55,34.3
88:4A:EA:69:42:9B,2017-03-15 07:02:31.369999872,94.32,94.24,94.4,94.37,94.26,45.56
88:4A:EA:69:43:8A,2017-03-15 07:02:31.520000000,97.58,97.56,97.59,97.6,97.57,36.63
88:4A:EA:69:E1:72,2017-03-15 07:02:31.609999872,1251.62,8.59,4.68,2.11,51.94,210.0
88:4A:EA:69:42:9B,2017-03-15 07:02:31.889999872,94.21,94.33,94.07,94.31,94.12,45.07
88:4A:EA:69:43:8A,2017-03-15 07:02:32.040000000,97.61,97.58,97.55,97.64,97.67,35.27
88:4A:EA:69:42:9B,2017-03-15 07:02:32.409999872,94.26,94.3,94.42,94.12,94.22,48.29
88:4A:EA:69:43:8A,2017-03-15 07:02:32.560000000,97.54,97.44,97.6,97.54,97.58,34.84
88:4A:EA:69:E1:72,2017-03-15 07:02:32.660000000,1090.24,8.5,4.74,2.1,51.95,209.0
88:4A:EA:69:42:9B,2017-03-15 07:02:32.929999872,94.22,94.25,94.3,94.18,94.14,45.82
88:4A:EA:69:43:8A,2017-03-15 07:02:33.089999872,97.58,97.51,97.59,97.52,97.68,35.18
88:4A:EA:69:42:9B,2017-03-15 07:02:33.460000000,94.22,94.15,94.21,94.5,94.0,46.47
88:4A:EA:69:43:8A,2017-03-15 07:02:33.609999872,97.58,97.54,97.61,97.61,97.57,35.13
88:4A:EA:69:E1:72,2017-03-15 07:02:33.729999872,1108.43,8.8,4.87,2.13,51.95,209.0
88:4A:EA:69:42:9B,2017-03-15 07:02:33.980000000,94.24,94.17,94.2,94.19,94.4,49.42
88:4A:EA:69:43:8A,2017-03-15 07:02:34.270000128,97.63,97.68,97.61,97.64,97.61,35.65
88:4A:EA:69:42:9B,2017-03-15 07:02:34.500000000,94.2,94.12,94.23,94.23,94.24,45.0
88:4A:EA:69:E1:72,2017-03-15 07:02:34.760000000,1002.57,8.41,4.71,2.13,51.95,208.0
88:4A:EA:69:43:8A,2017-03-15 07:02:34.800000000,97.56,97.51,97.58,97.55,97.59,36.4
88:4A:EA:69:42:9B,2017-03-15 07:02:35.020000000,94.23,94.33,94.09,94.41,94.07,44.38
88:4A:EA:69:43:8A,2017-03-15 07:02:35.320000000,97.63,97.66,97.62,97.64,97.61,35.5
88:4A:EA:69:42:9B,2017-03-15 07:02:35.550000128,94.3,94.32,94.37,94.19,94.33,44.14
88:4A:EA:69:E1:72,2017-03-15 07:02:35.809999872,1098.94,8.86,4.97,2.22,51.96,208.0
88:4A:EA:69:43:8A,2017-03-15 07:02:35.840000000,97.57,97.61,97.57,97.5,97.58,34.43
88:4A:EA:69:42:9B,2017-03-15 07:02:36.070000128,94.21,94.21,94.22,94.25,94.15,44.21
88:4A:EA:69:43:8A,2017-03-15 07:02:36.360000000,97.6,97.58,97.49,97.58,97.77,39.51
88:4A:EA:69:42:9B,2017-03-15 07:02:36.590000128,94.33,94.43,94.2,94.37,94.34,46.59
88:4A:EA:69:E1:72,2017-03-15 07:02:36.860000000,1024.2,8.3,4.58,2.13,51.96,211.0
88:4A:EA:69:43:8A,2017-03-15 07:02:36.889999872,97.6,97.63,97.67,97.55,97.57,38.82
88:4A:EA:69:42:9B,2017-03-15 07:02:37.120000000,94.2,94.09,94.33,94.27,94.13,52.21
88:4A:EA:69:43:8A,2017-03-15 07:02:37.409999872,97.58,97.53,97.54,97.65,97.61,38.64
88:4A:EA:69:42:9B,2017-03-15 07:02:37.640000000,94.29,94.29,94.21,94.38,94.3,49.02
88:4A:EA:69:E1:72,2017-03-15 07:02:37.910000128,1091.74,8.81,4.87,1.75,51.96,119.0
88:4A:EA:69:43:8A,2017-03-15 07:02:37.929999872,97.57,97.58,97.66,97.53,97.53,36.08
88:4A:EA:69:42:9B,2017-03-15 07:02:38.160000000,94.25,94.3,94.25,94.23,94.21,48.28
88:4A:EA:69:43:8A,2017-03-15 07:02:38.460000000,97.57,97.54,97.67,97.58,97.51,36.95
88:4A:EA:69:42:9B,2017-03-15 07:02:38.680000000,94.19,94.14,94.19,94.29,94.15,48.15
88:4A:EA:69:E1:72,2017-03-15 07:02:38.960000000,1002.78,8.45,4.67,2.16,51.96,210.0
88:4A:EA:69:43:8A,2017-03-15 07:02:38.980000000,97.6,97.54,97.6,97.6,97.66,34.44
88:4A:EA:69:42:9B,2017-03-15 07:02:39.209999872,94.24,94.33,94.13,94.26,94.24,48.73
88:4A:EA:69:43:8A,2017-03-15 07:02:39.500000000,97.55,97.6,97.53,97.56,97.52,33.97
88:4A:EA:69:42:9B,2017-03-15 07:02:39.729999872,94.22,94.17,94.24,94.31,94.17,48.57
88:4A:EA:69:E1:72,2017-03-15 07:02:40.009999872,1014.73,8.76,4.9,2.15,51.97,209.0
88:4A:EA:69:43:8A,2017-03-15 07:02:40.020000000,97.52,97.51,97.47,97.52,97.58,34.85
88:4A:EA:69:42:9B,2017-03-15 07:02:40.249999872,94.25,94.32,94.13,94.35,94.19,46.86
88:4A:EA:69:43:8A,2017-03-15 07:02:40.550000128,97.51,97.48,97.51,97.62,97.44,34.36
88:4A:EA:69:42:9B,2017-03-15 07:02:40.769999872,94.31,94.32,94.19,94.35,94.36,47.54
88:4A:EA:69:E1:72,2017-03-15 07:02:41.030000128,950.52,8.21,4.65,2.08,51.97,209.0
88:4A:EA:69:43:8A,2017-03-15 07:02:41.070000128,97.56,97.49,97.59,97.54,97.59,34.47
88:4A:EA:69:42:9B,2017-03-15 07:02:41.300000000,94.17,94.1,94.16,94.11,94.32,45.2
88:4A:EA:69:43:8A,2017-03-15 07:02:41.590000128,97.59,97.58,97.61,97.69,97.49,34.59
88:4A:EA:69:42:9B,2017-03-15 07:02:41.820000000,94.31,94.35,94.33,94.36,94.19,47.07
88:4A:EA:69:43:8A,2017-03-15 07:02:42.110000128,97.56,97.57,97.58,97.56,97.52,37.06
88:4A:EA:69:E1:72,2017-03-15 07:02:42.110000128,1044.13,8.68,4.84,2.22,51.97,208.0
88:4A:EA:69:42:9B,2017-03-15 07:02:42.340000000,94.27,94.33,94.21,94.23,94.31,47.55
88:4A:EA:69:43:8A,2017-03-15 07:02:42.640000000,97.59,97.57,97.67,97.56,97.57,35.52
88:4A:EA:69:42:9B,2017-03-15 07:02:42.860000000,94.23,94.24,94.33,94.16,94.19,48.4
88:4A:EA:69:E1:72,2017-03-15 07:02:43.129999872,1033.18,8.42,4.74,2.17,51.97,211.0
88:4A:EA:69:43:8A,2017-03-15 07:02:43.160000000,97.75,97.62,97.64,97.62,98.11,40.16
88:4A:EA:69:42:9B,2017-03-15 07:02:43.390000128,94.28,94.35,94.23,94.3,94.25,48.7
88:4A:EA:69:43:8A,2017-03-15 07:02:43.680000000,97.62,97.68,97.62,97.64,97.54,46.41
88:4A:EA:69:42:9B,2017-03-15 07:02:43.910000128,94.36,94.26,94.33,94.35,94.48,49.42
88:4A:EA:69:E1:72,2017-03-15 07:02:44.190000128,1085.11,8.88,4.91,2.13,51.98,211.0
88:4A:EA:69:43:8A,2017-03-15 07:02:44.200000000,97.59,97.62,97.52,97.62,97.58,35.18
88:4A:EA:69:42:9B,2017-03-15 07:02:44.430000128,94.15,94.16,94.14,94.19,94.09,48.68
88:4A:EA:69:43:8A,2017-03-15 07:02:44.729999872,97.6,97.57,97.56,97.62,97.66,35.01
88:4A:EA:69:42:9B,2017-03-15 07:02:44.960000000,94.28,94.28,94.22,94.26,94.36,47.95
88:4A:EA:69:E1:72,2017-03-15 07:02:45.220000000,961.89,8.37,4.74,2.2,51.98,210.0
88:4A:EA:69:43:8A,2017-03-15 07:02:45.249999872,97.67,97.84,97.61,97.63,97.59,35.81
88:4A:EA:69:42:9B,2017-03-15 07:02:45.480000000,94.24,94.22,94.46,94.03,94.26,46.22
88:4A:EA:69:43:8A,2017-03-15 07:02:45.769999872,97.6,97.6,97.57,97.64,97.59,34.77
88:4A:EA:69:42:9B,2017-03-15 07:02:46.000000000,94.21,94.21,94.11,94.3,94.22,45.06
88:4A:EA:69:E1:72,2017-03-15 07:02:46.260000000,1115.84,8.79,4.87,2.14,51.98,210.0
88:4A:EA:69:43:8A,2017-03-15 07:02:46.300000000,97.68,97.73,97.58,97.69,97.72,34.69
88:4A:EA:69:42:9B,2017-03-15 07:02:46.520000000,94.24,94.35,94.24,94.1,94.28,45.15
88:4A:EA:69:43:8A,2017-03-15 07:02:46.820000000,97.66,97.61,97.72,97.68,97.64,34.29
88:4A:EA:69:42:9B,2017-03-15 07:02:47.049999872,94.22,94.26,94.27,94.11,94.25,45.03
88:4A:EA:69:E1:72,2017-03-15 07:02:47.280000000,998.91,8.28,4.62,2.14,51.98,209.0
88:4A:EA:69:43:8A,2017-03-15 07:02:47.340000000,97.64,97.62,97.69,97.67,97.57,34.7
88:4A:EA:69:42:9B,2017-03-15 07:02:47.569999872,94.31,94.46,94.21,94.24,94.34,44.57
88:4A:EA:69:43:8A,2017-03-15 07:02:47.860000000,97.63,97.62,97.61,97.65,97.65,36.54
88:4A:EA:69:42:9B,2017-03-15 07:02:48.089999872,94.17,94.02,94.26,94.18,94.23,46.06
88:4A:EA:69:E1:72,2017-03-15 07:02:48.380000000,1089.91,8.82,5.0,2.16,51.98,209.0
88:4A:EA:69:43:8A,2017-03-15 07:02:48.390000128,97.63,97.54,97.68,97.67,97.62,36.12
88:4A:EA:69:42:9B,2017-03-15 07:02:48.760000000,94.23,94.29,94.11,94.42,94.11,44.16
88:4A:EA:69:43:8A,2017-03-15 07:02:48.910000128,97.62,97.61,97.6,97.73,97.53,36.19
88:4A:EA:69:42:9B,2017-03-15 07:02:49.289999872,94.3,94.3,94.31,94.16,94.43,44.91
88:4A:EA:69:E1:72,2017-03-15 07:02:49.420000000,971.93,8.46,4.76,2.12,51.98,208.0
88:4A:EA:69:43:8A,2017-03-15 07:02:49.430000128,97.57,97.57,97.62,97.51,97.57,35.82
88:4A:EA:69:42:9B,2017-03-15 07:02:49.809999872,94.18,94.24,94.09,94.19,94.18,45.99
88:4A:EA:69:43:8A,2017-03-15 07:02:49.950000128,97.59,97.65,97.53,97.55,97.62,34.58
88:4A:EA:69:42:9B,2017-03-15 07:02:50.329999872,94.34,94.24,94.38,94.37,94.36,47.79
88:4A:EA:69:E1:72,2017-03-15 07:02:50.440000000,1031.05,8.79,4.91,2.05,51.99,208.0
88:4A:EA:69:43:8A,2017-03-15 07:02:50.480000000,97.59,97.59,97.56,97.59,97.61,34.46
88:4A:EA:69:42:9B,2017-03-15 07:02:50.849999872,94.26,94.28,94.36,94.22,94.18,50.54
88:4A:EA:69:43:8A,2017-03-15 07:02:51.000000000,97.58,97.52,97.67,97.59,97.56,35.87
88:4A:EA:69:42:9B,2017-03-15 07:02:51.380000000,94.24,94.18,94.35,94.09,94.32,48.5
88:4A:EA:69:E1:72,2017-03-15 07:02:51.489999872,944.14,8.32,4.68,2.04,51.99,211.0
88:4A:EA:69:43:8A,2017-03-15 07:02:51.520000000,97.59,97.54,97.6,97.55,97.68,35.83
88:4A:EA:69:42:9B,2017-03-15 07:02:51.900000000,94.24,94.34,94.15,94.2,94.26,48.4
88:4A:EA:69:43:8A,2017-03-15 07:02:52.040000000,97.62,97.61,97.57,97.68,97.63,34.59
88:4A:EA:69:42:9B,2017-03-15 07:02:52.420000000,94.27,94.3,94.27,94.14,94.38,48.08
88:4A:EA:69:43:8A,2017-03-15 07:02:52.569999872,97.56,97.45,97.56,97.58,97.63,34.59
88:4A:EA:69:E1:72,2017-03-15 07:02:52.580000000,1065.79,8.76,4.82,1.66,51.99,119.0
88:4A:EA:69:42:9B,2017-03-15 07:02:52.940000000,94.24,94.03,94.35,94.29,94.29,47.47
88:4A:EA:69:43:8A,2017-03-15 07:02:53.089999872,97.69,97.62,97.66,97.78,97.69,34.88
88:4A:EA:69:42:9B,2017-03-15 07:02:53.470000128,94.29,94.31,94.29,94.32,94.24,48.52
88:4A:EA:69:E1:72,2017-03-15 07:02:53.569999872,1088.97,8.37,4.74,2.14,51.99,210.0
88:4A:EA:69:43:8A,2017-03-15 07:02:53.609999872,97.66,97.71,97.58,97.66,97.69,35.54
88:4A:EA:69:42:9B,2017-03-15 07:02:53.990000128,94.2,94.21,94.3,94.1,94.2,49.89
88:4A:EA:69:43:8A,2017-03-15 07:02:54.140000000,97.62,97.66,97.62,97.66,97.52,39.33
88:4A:EA:69:42:9B,2017-03-15 07:02:54.510000128,94.26,94.13,94.23,94.32,94.34,47.84
88:4A:EA:69:E1:72,2017-03-15 07:02:54.590000128,1038.41,8.74,4.88,2.24,51.99,210.0
88:4A:EA:69:43:8A,2017-03-15 07:02:54.660000000,97.61,97.64,97.59,97.55,97.68,37.4
88:4A:EA:69:42:9B,2017-03-15 07:02:55.040000000,94.24,94.22,94.23,94.26,94.23,46.31
88:4A:EA:69:43:8A,2017-03-15 07:02:55.180000000,97.61,97.57,97.7,97.59,97.6,38.14
88:4A:EA:69:42:9B,2017-03-15 07:02:55.560000000,94.18,94.21,94.25,94.07,94.19,45.41
88:4A:EA:69:E1:72,2017-03-15 07:02:55.680000000,1019.44,8.37,4.78,2.14,51.99,209.0
88:4A:EA:69:43:8A,2017-03-15 07:02:55.700000000,97.62,97.65,97.59,97.63,97.6,36.9
88:4A:EA:69:42:9B,2017-03-15 07:02:56.080000000,94.23,94.31,94.1,94.27,94.25,45.65
88:4A:EA:69:43:8A,2017-03-15 07:02:56.230000128,97.6,97.6,97.61,97.62,97.57,35.41
88:4A:EA:69:42:9B,2017-03-15 07:02:56.600000000,94.27,94.16,94.34,94.22,94.36,46.92
88:4A:EA:69:E1:72,2017-03-15 07:02:56.689999872,990.69,8.48,4.78,1.65,51.99,118.0
88:4A:EA:69:43:8A,2017-03-15 07:02:56.750000128,97.56,97.5,97.64,97.62,97.47,35.38
88:4A:EA:69:42:9B,2017-03-15 07:02:57.129999872,94.13,94.1,94.2,94.21,94.0,48.3
88:4A:EA:69:43:8A,2017-03-15 07:02:57.270000128,97.56,97.54,97.53,97.61,97.53,42.12
88:4A:EA:69:42:9B,2017-03-15 07:02:57.649999872,94.18,94.1,94.18,94.25,94.2,54.09
88:4A:EA:69:E1:72,2017-03-15 07:02:57.740000000,954.97,8.11,4.66,2.02,52.0,208.0
88:4A:EA:69:43:8A,2017-03-15 07:02:57.790000128,97.65,97.75,97.63,97.55,97.65,35.71
88:4A:EA:69:42:9B,2017-03-15 07:02:58.169999872,94.22,94.16,94.28,94.1,94.34,46.79
88:4A:EA:69:43:8A,2017-03-15 07:02:58.320000000,97.63,97.64,97.61,97.72,97.54,37.82
88:4A:EA:69:42:9B,2017-03-15 07:02:58.689999872,94.24,94.25,94.12,94.32,94.27,46.39
88:4A:EA:69:E1:72,2017-03-15 07:02:58.809999872,1112.28,8.49,4.82,2.14,52.0,208.0
88:4A:EA:69:43:8A,2017-03-15 07:02:58.840000000,97.6,97.59,97.65,97.56,97.59,35.87
88:4A:EA:69:42:9B,2017-03-15 07:02:59.220000000,94.25,94.16,94.3,94.24,94.32,47.0
88:4A:EA:69:43:8A,2017-03-15 07:02:59.360000000,97.6,97.64,97.57,97.63,97.55,35.83
88:4A:EA:69:42:9B,2017-03-15 07:02:59.740000000,94.2,94.13,94.25,94.16,94.26,47.81
88:4A:EA:69:E1:72,2017-03-15 07:02:59.860000000,1054.77,8.28,4.72,1.64,52.0,119.0
88:4A:EA:69:43:8A,2017-03-15 07:02:59.880000000,97.58,97.66,97.54,97.49,97.64,36.09
88:4A:EA:69:42:9B,2017-03-15 07:03:00.260000000,94.21,94.29,94.22,94.13,94.21,49.29
88:4A:EA:69:43:8A,2017-03-15 07:03:00.409999872,97.59,97.53,97.58,97.69,97.56,36.51
88:4A:EA:69:42:9B,2017-03-15 07:03:00.780000000,94.33,94.39,94.33,94.28,94.35,49.12
88:4A:EA:69:E1:72,2017-03-15 07:03:00.889999872,989.72,8.35,4.74,2.13,52.0,211.0
88:4A:EA:69:43:8A,2017-03-15 07:03:00.929999872,97.62,97.65,97.63,97.62,97.56,35.43
88:4A:EA:69:42:9B,2017-03-15 07:03:01.310000128,94.22,94.2,94.18,94.26,94.24,48.71
88:4A:EA:69:43:8A,2017-03-15 07:03:01.449999872,97.67,97.62,97.65,97.71,97.7,36.62
88:4A:EA:69:42:9B,2017-03-15 07:03:01.830000128,94.27,94.23,94.18,94.37,94.28,49.17
88:4A:EA:69:E1:72,2017-03-15 07:03:01.940000000,1120.62,8.26,4.74,2.07,52.0,210.0
88:4A:EA:69:43:8A,2017-03-15 07:03:01.980000000,97.61,97.65,97.58,97.67,97.56,35.79
88:4A:EA:69:42:9B,2017-03-15 07:03:02.350000128,94.18,94.26,94.23,94.13,94.11,48.43
88:4A:EA:69:43:8A,2017-03-15 07:03:02.500000000,97.63,97.6,97.67,97.69,97.56,36.03
88:4A:EA:69:42:9B,2017-03-15 07:03:02.880000000,94.28,94.2,94.25,94.49,94.18,47.93
88:4A:EA:69:E1:72,2017-03-15 07:03:02.969999872,1071.59,8.39,4.78,2.08,52.0,210.0
88:4A:EA:69:43:8A,2017-03-15 07:03:03.020000000,97.62,97.59,97.64,97.55,97.68,38.41
88:4A:EA:69:42:9B,2017-03-15 07:03:03.400000000,94.25,94.42,94.18,94.19,94.22,47.67
88:4A:EA:69:43:8A,2017-03-15 07:03:03.540000000,97.64,97.59,97.62,97.75,97.6,36.25
88:4A:EA:69:42:9B,2017-03-15 07:03:03.920000000,94.19,94.19,94.27,94.07,94.21,47.09
88:4A:EA:69:43:8A,2017-03-15 07:03:04.070000128,97.64,97.57,97.67,97.71,97.62,35.35
88:4A:EA:69:E1:72,2017-03-15 07:03:04.080000000,1115.41,8.32,4.81,2.07,52.01,209.0
88:4A:EA:69:42:9B,2017-03-15 07:03:04.440000000,94.27,94.35,94.23,94.32,94.18,46.97
88:4A:EA:69:43:8A,2017-03-15 07:03:04.590000128,97.62,97.53,97.57,97.73,97.65,35.46
88:4A:EA:69:42:9B,2017-03-15 07:03:04.960000000,94.24,94.31,94.11,94.22,94.34,45.95
88:4A:EA:69:E1:72,2017-03-15 07:03:05.060000000,1105.27,8.41,4.69,2.15,52.01,209.0
88:4A:EA:69:43:8A,2017-03-15 07:03:05.110000128,97.61,97.69,97.57,97.63,97.57,35.35
88:4A:EA:69:42:9B,2017-03-15 07:03:05.489999872,94.16,94.18,94.0,94.24,94.22,47.13
88:4A:EA:69:43:8A,2017-03-15 07:03:05.630000128,97.57,97.55,97.54,97.61,97.57,35.24
88:4A:EA:69:42:9B,2017-03-15 07:03:06.009999872,94.22,94.29,94.15,94.36,94.08,46.79
88:4A:EA:69:E1:72,2017-03-15 07:03:06.110000128,1135.31,8.41,4.81,2.09,52.01,208.0
88:4A:EA:69:43:8A,2017-03-15 07:03:06.160000000,97.62,97.6,97.64,97.59,97.64,37.65
88:4A:EA:69:42:9B,2017-03-15 07:03:06.529999872,94.33,94.29,94.41,94.3,94.33,47.67
88:4A:EA:69:43:8A,2017-03-15 07:03:06.680000000,97.58,97.62,97.61,97.54,97.57,38.42
88:4A:EA:69:42:9B,2017-03-15 07:03:07.060000000,94.24,94.24,94.2,94.29,94.24,49.48
88:4A:EA:69:E1:72,2017-03-15 07:03:07.160000000,24403.28,17.96,29.62,33.38,52.01,26.0
88:4A:EA:69:43:8A,2017-03-15 07:03:07.200000000,97.55,97.53,97.64,97.48,97.56,37.2
88:4A:EA:69:42:9B,2017-03-15 07:03:07.580000000,94.34,94.38,94.26,94.37,94.36,49.45
88:4A:EA:69:43:8A,2017-03-15 07:03:07.720000000,97.62,97.58,97.69,97.62,97.58,35.87
88:4A:EA:69:42:9B,2017-03-15 07:03:08.100000000,94.23,94.23,94.22,94.33,94.16,49.43
88:4A:EA:69:E1:72,2017-03-15 07:03:08.209999872,1161.2,8.88,4.75,2.2,52.01,211.0
88:4A:EA:69:43:8A,2017-03-15 07:03:08.249999872,97.65,97.68,97.68,97.55,97.69,35.78
88:4A:EA:69:42:9B,2017-03-15 07:03:08.620000000,94.24,94.27,94.22,94.24,94.21,48.95
88:4A:EA:69:43:8A,2017-03-15 07:03:08.769999872,97.54,97.49,97.46,97.55,97.64,36.19
88:4A:EA:69:42:9B,2017-03-15 07:03:09.150000128,94.27,94.14,94.39,94.27,94.28,49.09
88:4A:EA:69:E1:72,2017-03-15 07:03:09.260000000,1225.1,8.68,4.82,2.18,52.01,211.0
88:4A:EA:69:43:8A,2017-03-15 07:03:09.289999872,97.59,97.61,97.47,97.63,97.62,44.09
88:4A:EA:69:42:9B,2017-03-15 07:03:09.670000128,94.35,94.22,94.27,94.42,94.49,51.47
88:4A:EA:69:43:8A,2017-03-15 07:03:09.809999872,97.6,97.56,97.57,97.7,97.59,36.25
88:4A:EA:69:42:9B,2017-03-15 07:03:10.190000128,94.33,94.04,94.95,93.94,94.41,56.29
88:4A:EA:69:E1:72,2017-03-15 07:03:10.310000128,1264.37,8.5,4.86,2.12,52.01,210.0
88:4A:EA:69:43:8A,2017-03-15 07:03:10.340000000,97.63,97.71,97.67,97.57,97.57,35.35
88:4A:EA:69:42:9B,2017-03-15 07:03:10.710000128,94.34,94.38,94.34,94.34,94.33,49.22
88:4A:EA:69:43:8A,2017-03-15 07:03:10.860000000,158.57,107.3,136.12,235.42,155.43,71.16
88:4A:EA:69:42:9B,2017-03-15 07:03:11.240000000,94.32,94.27,94.38,94.39,94.22,49.46
88:4A:EA:69:E1:72,2017-03-15 07:03:11.360000000,1125.99,8.32,4.73,1.61,52.01,118.0
88:4A:EA:69:43:8A,2017-03-15 07:03:11.380000000,114.58,160.94,101.13,98.46,97.78,59.37
88:4A:EA:69:42:9B,2017-03-15 07:03:11.760000000,94.26,94.38,94.12,94.25,94.28,47.27
88:4A:EA:69:43:8A,2017-03-15 07:03:11.910000128,97.61,97.85,97.58,97.49,97.52,38.23
88:4A:EA:69:42:9B,2017-03-15 07:03:12.280000000,94.32,94.21,94.31,94.33,94.45,49.18
88:4A:EA:69:E1:72,2017-03-15 07:03:12.409999872,9873.48,13.99,9.5,24.62,52.02,26.0
88:4A:EA:69:43:8A,2017-03-15 07:03:12.430000128,97.64,97.59,97.64,97.7,97.65,41.41
88:4A:EA:69:42:9B,2017-03-15 07:03:12.800000000,94.28,94.39,94.21,94.34,94.18,46.37
88:4A:EA:69:43:8A,2017-03-15 07:03:12.950000128,97.6,97.58,97.61,97.69,97.54,40.73
88:4A:EA:69:42:9B,2017-03-15 07:03:13.329999872,94.36,94.29,94.38,94.33,94.44,47.34
88:4A:EA:69:E1:72,2017-03-15 07:03:13.460000000,978.57,8.34,4.64,2.14,52.02,209.0
88:4A:EA:69:43:8A,2017-03-15 07:03:13.480000000,97.64,97.64,97.58,97.63,97.7,38.51
88:4A:EA:69:42:9B,2017-03-15 07:03:13.849999872,94.26,94.31,94.35,94.19,94.19,46.87
88:4A:EA:69:43:8A,2017-03-15 07:03:14.000000000,97.61,97.62,97.65,97.58,97.57,38.98
88:4A:EA:69:42:9B,2017-03-15 07:03:14.369999872,94.28,94.27,94.25,94.36,94.25,48.0
88:4A:EA:69:E1:72,2017-03-15 07:03:14.510000128,10341.3,13.14,69.4,19.02,52.02,29.0
88:4A:EA:69:43:8A,2017-03-15 07:03:14.520000000,97.62,97.65,97.61,97.6,97.62,36.25
88:4A:EA:69:42:9B,2017-03-15 07:03:14.900000000,94.41,94.37,94.42,94.38,94.47,49.24
88:4A:EA:69:43:8A,2017-03-15 07:03:15.040000000,97.61,97.55,97.62,97.67,97.59,36.0
88:4A:EA:69:42:9B,2017-03-15 07:03:15.420000000,94.37,94.11,94.41,94.77,94.2,54.16
88:4A:EA:69:E1:72,2017-03-15 07:03:15.560000000,1259.9,8.33,4.59,2.4,52.02,208.0
88:4A:EA:69:43:8A,2017-03-15 07:03:15.569999872,97.53,97.58,97.6,97.49,97.47,36.01
88:4A:EA:69:42:9B,2017-03-15 07:03:15.940000000,94.29,94.4,94.18,94.24,94.34,51.23
88:4A:EA:69:43:8A,2017-03-15 07:03:16.089999872,143.27,97.61,103.44,127.22,244.81,58.46
88:4A:EA:69:42:9B,2017-03-15 07:03:16.460000000,94.32,94.19,94.38,94.5,94.21,51.77
88:4A:EA:69:E1:72,2017-03-15 07:03:16.580000000,50894.13,20.89,100.79,37.1,52.02,29.0
88:4A:EA:69:43:8A,2017-03-15 07:03:16.609999872,211.07,315.64,260.38,151.68,116.58,67.02
88:4A:EA:69:42:9B,2017-03-15 07:03:16.990000128,94.26,94.19,94.16,94.29,94.38,49.42
88:4A:EA:69:43:8A,2017-03-15 07:03:17.129999872,100.71,105.44,100.9,98.64,97.88,45.67
88:4A:EA:69:42:9B,2017-03-15 07:03:17.510000128,94.54,94.37,94.34,94.72,94.72,54.86
88:4A:EA:69:E1:72,2017-03-15 07:03:17.620000000,1212.49,9.1,5.07,2.92,52.02,211.0
88:4A:EA:69:43:8A,2017-03-15 07:03:17.660000000,97.68,97.72,97.74,97.61,97.64,41.04
88:4A:EA:69:42:9B,2017-03-15 07:03:18.030000128,94.27,94.17,94.23,94.36,94.33,52.14
88:4A:EA:69:43:8A,2017-03-15 07:03:18.180000000,120.44,97.63,98.27,114.1,171.77,58.56
88:4A:EA:69:42:9B,2017-03-15 07:03:18.550000128,94.31,94.36,94.26,94.34,94.29,48.47
88:4A:EA:69:E1:72,2017-03-15 07:03:18.680000000,1061.81,8.57,4.86,1.64,52.02,119.0
88:4A:EA:69:43:8A,2017-03-15 07:03:18.710000128,245.77,330.4,333.09,193.74,125.85,71.8
88:4A:EA:69:42:9B,2017-03-15 07:03:19.080000000,94.3,94.13,94.43,94.24,94.39,47.46
88:4A:EA:69:43:8A,2017-03-15 07:03:19.230000128,100.89,106.56,100.39,98.58,98.05,47.65
88:4A:EA:69:42:9B,2017-03-15 07:03:19.600000000,94.59,94.36,94.29,95.52,94.17,55.71
88:4A:EA:69:E1:72,2017-03-15 07:03:19.689999872,7425.42,10.83,7.43,15.06,52.03,30.0
88:4A:EA:69:43:8A,2017-03-15 07:03:19.750000128,97.64,97.72,97.66,97.63,97.57,41.31
88:4A:EA:69:42:9B,2017-03-15 07:03:20.120000000,94.25,94.43,94.17,94.19,94.2,52.76
88:4A:EA:69:43:8A,2017-03-15 07:03:20.280000000,151.25,97.72,103.15,126.87,277.25,63.57
88:4A:EA:69:42:9B,2017-03-15 07:03:20.640000000,94.26,94.32,94.21,94.22,94.28,48.6
88:4A:EA:69:E1:72,2017-03-15 07:03:20.740000000,948.26,8.27,4.76,2.96,52.03,209.0
88:4A:EA:69:43:8A,2017-03-15 07:03:20.800000000,262.16,382.96,319.06,211.24,135.37,69.15
88:4A:EA:69:42:9B,2017-03-15 07:03:21.169999872,94.33,94.31,94.3,94.38,94.33,47.34
88:4A:EA:69:43:8A,2017-03-15 07:03:21.320000000,104.2,112.49,105.32,100.56,98.42,49.08
88:4A:EA:69:42:9B,2017-03-15 07:03:21.689999872,94.17,94.15,94.21,94.22,94.11,49.23
88:4A:EA:69:E1:72,2017-03-15 07:03:21.790000128,22438.38,22.28,94.71,37.69,52.03,28.0
88:4A:EA:69:43:8A,2017-03-15 07:03:21.849999872,97.72,97.75,97.8,97.72,97.63,43.39
88:4A:EA:69:42:9B,2017-03-15 07:03:22.209999872,94.22,94.26,94.17,94.18,94.27,49.65
88:4A:EA:69:43:8A,2017-03-15 07:03:22.369999872,97.66,97.76,97.57,97.68,97.65,43.22
88:4A:EA:69:42:9B,2017-03-15 07:03:22.740000000,94.23,94.34,94.17,94.27,94.14,52.84
88:4A:EA:69:E1:72,2017-03-15 07:03:22.840000000,1400.7,8.43,4.65,1.99,52.03,208.0
88:4A:EA:69:43:8A,2017-03-15 07:03:22.889999872,97.59,97.53,97.54,97.63,97.65,39.85
88:4A:EA:69:42:9B,2017-03-15 07:03:23.260000000,94.37,94.75,94.23,94.21,94.3,52.32
88:4A:EA:69:E1:72,2017-03-15 07:03:23.360000000,7043.27,11.3,7.67,15.13,52.03,29.0
88:4A:EA:69:43:8A,2017-03-15 07:03:23.409999872,108.82,97.64,97.57,110.54,129.52,53.2
88:4A:EA:69:E1:72,2017-03-15 07:03:23.780000000,2919.29,70.69,25.52,41.17,52.03,28.0
88:4A:EA:69:42:9B,2017-03-15 07:03:23.780000000,94.21,94.24,94.37,94.11,94.14,49.4
88:4A:EA:69:43:8A,2017-03-15 07:03:23.940000000,202.03,228.69,207.94,239.31,132.17,71.05
88:4A:EA:69:E1:72,2017-03-15 07:03:24.300000000,1290.46,9.4,5.01,2.55,52.03,209.0
88:4A:EA:69:42:9B,2017-03-15 07:03:24.300000000,94.19,94.26,94.19,94.09,94.23,49.54
88:4A:EA:69:43:8A,2017-03-15 07:03:24.460000000,103.17,112.3,102.62,99.62,98.15,49.19
88:4A:EA:69:42:9B,2017-03-15 07:03:24.830000128,94.48,95.08,93.94,94.53,94.37,56.1
88:4A:EA:69:E1:72,2017-03-15 07:03:24.830000128,1085.71,8.51,4.63,2.18,52.03,211.0
88:4A:EA:69:43:8A,2017-03-15 07:03:24.980000000,97.72,97.64,97.78,97.74,97.73,41.03
88:4A:EA:69:42:9B,2017-03-15 07:03:25.350000128,94.32,94.36,94.27,94.4,94.25,48.84
88:4A:EA:69:43:8A,2017-03-15 07:03:25.510000128,232.63,107.37,137.62,348.28,337.25,70.37
88:4A:EA:69:42:9B,2017-03-15 07:03:25.870000128,94.25,94.42,94.19,94.32,94.09,47.99
88:4A:EA:69:E1:72,2017-03-15 07:03:25.980000000,6621.64,16.26,10.47,21.71,52.03,29.0
88:4A:EA:69:43:8A,2017-03-15 07:03:26.030000128,148.41,241.31,138.32,111.15,102.87,59.92
88:4A:EA:69:42:9B,2017-03-15 07:03:26.390000128,94.62,94.26,94.63,94.49,95.11,53.58
88:4A:EA:69:43:8A,2017-03-15 07:03:26.550000128,98.26,99.46,98.26,97.66,97.66,41.31
88:4A:EA:69:42:9B,2017-03-15 07:03:26.920000000,94.25,94.0,94.21,94.33,94.48,51.82
88:4A:EA:69:E1:72,2017-03-15 07:03:27.030000128,1156.58,8.46,4.64,2.05,52.03,210.0
88:4A:EA:69:43:8A,2017-03-15 07:03:27.080000000,108.2,97.59,98.21,108.77,128.22,54.64
88:4A:EA:69:42:9B,2017-03-15 07:03:27.440000000,94.2,94.23,94.19,94.29,94.08,46.91
88:4A:EA:69:E1:72,2017-03-15 07:03:27.550000128,6547.08,10.12,7.01,13.61,52.03,29.0
88:4A:EA:69:43:8A,2017-03-15 07:03:27.600000000,342.41,426.26,408.34,333.67,201.37,72.95
88:4A:EA:69:42:9B,2017-03-15 07:03:27.960000000,94.19,94.23,94.23,94.23,94.09,46.89
88:4A:EA:69:E1:72,2017-03-15 07:03:27.980000000,1926.87,66.81,20.93,32.93,52.03,29.0
88:4A:EA:69:43:8A,2017-03-15 07:03:28.120000000,115.94,141.14,116.52,105.84,100.28,52.24
88:4A:EA:69:42:9B,2017-03-15 07:03:28.480000000,94.28,94.16,94.46,94.22,94.29,49.32
88:4A:EA:69:E1:72,2017-03-15 07:03:28.500000000,851.87,8.29,5.0,2.74,52.04,211.0
88:4A:EA:69:43:8A,2017-03-15 07:03:28.649999872,97.85,98.18,97.86,97.65,97.7,42.07
88:4A:EA:69:E1:72,2017-03-15 07:03:28.980000000,1237.74,8.51,4.63,2.11,52.04,209.0
88:4A:EA:69:42:9B,2017-03-15 07:03:29.009999872,94.24,94.27,94.41,94.11,94.17,53.96
88:4A:EA:69:43:8A,2017-03-15 07:03:29.169999872,97.78,97.6,97.77,97.75,98.02,45.44
88:4A:EA:69:E1:72,2017-03-15 07:03:29.520000000,37430.12,18.33,95.6,31.64,52.04,32.0
88:4A:EA:69:42:9B,2017-03-15 07:03:29.529999872,94.26,94.31,94.25,94.13,94.36,51.17
88:4A:EA:69:43:8A,2017-03-15 07:03:29.689999872,194.78,109.72,135.8,282.86,250.74,69.58
88:4A:EA:69:E1:72,2017-03-15 07:03:30.030000128,2325.38,60.08,21.44,24.9,52.04,29.0
88:4A:EA:69:42:9B,2017-03-15 07:03:30.049999872,94.28,94.22,94.33,94.23,94.33,48.1
88:4A:EA:69:43:8A,2017-03-15 07:03:30.220000000,144.01,203.91,145.87,120.2,106.09,59.87
88:4A:EA:69:42:9B,2017-03-15 07:03:30.580000000,94.21,94.26,94.38,94.2,94.02,53.11
88:4A:EA:69:E1:72,2017-03-15 07:03:30.580000000,1295.1,9.21,4.97,2.53,52.04,210.0
88:4A:EA:69:43:8A,2017-03-15 07:03:30.740000000,98.63,100.88,98.36,97.74,97.54,44.4
88:4A:EA:69:E1:72,2017-03-15 07:03:31.089999872,1054.51,8.68,4.75,2.13,52.04,208.0
88:4A:EA:69:42:9B,2017-03-15 07:03:31.100000000,94.4,94.92,94.18,94.17,94.32,53.69
88:4A:EA:69:43:8A,2017-03-15 07:03:31.270000128,106.7,97.62,97.59,109.09,122.52,53.5
88:4A:EA:69:42:9B,2017-03-15 07:03:31.620000000,94.3,94.28,94.3,94.27,94.36,50.0
88:4A:EA:69:E1:72,2017-03-15 07:03:31.620000000,4581.06,10.09,6.57,7.2,52.04,209.0
88:4A:EA:69:43:8A,2017-03-15 07:03:31.790000128,227.41,291.61,294.74,205.43,117.88,72.62
88:4A:EA:69:E1:72,2017-03-15 07:03:32.129999872,1915.69,61.47,8.85,21.01,52.04,28.0
88:4A:EA:69:42:9B,2017-03-15 07:03:32.140000000,94.28,94.4,94.19,94.28,94.23,49.34
88:4A:EA:69:43:8A,2017-03-15 07:03:32.310000128,100.59,105.81,100.06,98.54,97.93,49.17
88:4A:EA:69:42:9B,2017-03-15 07:03:32.670000128,94.6,94.3,94.5,96.48,93.12,55.36
88:4A:EA:69:43:8A,2017-03-15 07:03:32.840000000,97.65,97.71,97.63,97.7,97.58,40.53
88:4A:EA:69:42:9B,2017-03-15 07:03:33.190000128,94.34,94.4,94.41,94.32,94.23,51.94
88:4A:EA:69:E1:72,2017-03-15 07:03:33.310000128,1259.77,8.35,4.71,2.17,52.04,210.0
88:4A:EA:69:43:8A,2017-03-15 07:03:33.360000000,151.46,97.56,108.83,125.16,274.27,60.8
88:4A:EA:69:42:9B,2017-03-15 07:03:33.710000128,94.23,94.35,94.24,94.17,94.15,50.02
88:4A:EA:69:43:8A,2017-03-15 07:03:33.880000000,249.08,372.03,299.17,187.27,137.86,70.81
88:4A:EA:69:42:9B,2017-03-15 07:03:34.230000128,94.27,94.38,94.37,94.14,94.17,49.17
88:4A:EA:69:E1:72,2017-03-15 07:03:34.350000128,1549.0,8.72,4.9,2.01,52.04,210.0
88:4A:EA:69:43:8A,2017-03-15 07:03:34.400000000,103.37,112.16,103.46,99.74,98.1,49.0
88:4A:EA:69:43:8A,2017-03-15 07:03:34.520000000,97.66,97.64,97.68,97.69,97.64,41.64
88:4A:EA:69:42:9B,2017-03-15 07:03:34.760000000,94.2,94.36,94.28,93.99,94.16,51.27
88:4A:EA:69:43:8A,2017-03-15 07:03:35.040000000,104.57,97.49,97.55,101.81,121.41,53.77
88:4A:EA:69:42:9B,2017-03-15 07:03:35.280000000,94.39,94.82,94.31,94.29,94.13,53.88
88:4A:EA:69:E1:72,2017-03-15 07:03:35.390000128,5813.34,41.8,20.98,37.15,52.04,29.0
88:4A:EA:69:43:8A,2017-03-15 07:03:35.560000000,178.86,151.35,263.32,181.17,119.6,71.24
88:4A:EA:69:42:9B,2017-03-15 07:03:35.800000000,94.22,94.2,94.25,94.18,94.25,49.49
88:4A:EA:69:43:8A,2017-03-15 07:03:36.080000000,99.04,101.79,99.03,97.63,97.73,49.65
88:4A:EA:69:42:9B,2017-03-15 07:03:36.320000000,94.24,94.25,94.27,94.2,94.26,51.19
88:4A:EA:69:E1:72,2017-03-15 07:03:36.480000000,1231.38,8.7,4.58,2.1,52.05,209.0
88:4A:EA:69:43:8A,2017-03-15 07:03:36.609999872,97.61,97.69,97.66,97.53,97.58,44.08
88:4A:EA:69:42:9B,2017-03-15 07:03:36.849999872,94.26,94.3,94.2,94.33,94.22,49.9
88:4A:EA:69:E1:72,2017-03-15 07:03:37.000000000,5582.24,10.9,7.74,14.41,52.04,27.0
88:4A:EA:69:43:8A,2017-03-15 07:03:37.129999872,97.58,97.51,97.62,97.61,97.58,44.32
88:4A:EA:69:E1:72,2017-03-15 07:03:37.350000128,3237.62,73.54,25.56,41.8,52.05,29.0
88:4A:EA:69:42:9B,2017-03-15 07:03:37.369999872,94.24,94.19,94.3,94.23,94.25,49.51
88:4A:EA:69:43:8A,2017-03-15 07:03:37.649999872,97.54,97.48,97.59,97.51,97.56,39.48
88:4A:EA:69:E1:72,2017-03-15 07:03:37.880000000,1453.76,9.5,5.15,2.92,52.05,210.0
88:4A:EA:69:42:9B,2017-03-15 07:03:37.889999872,94.27,94.23,94.39,94.18,94.26,50.22
88:4A:EA:69:43:8A,2017-03-15 07:03:38.180000000,98.66,97.6,97.51,97.63,101.92,44.62
88:4A:EA:69:E1:72,2017-03-15 07:03:38.400000000,1113.49,8.76,4.76,2.08,52.05,211.0
88:4A:EA:69:42:9B,2017-03-15 07:03:38.420000000,94.43,94.53,94.56,94.37,94.27,55.29
88:4A:EA:69:43:8A,2017-03-15 07:03:38.700000000,241.04,133.5,286.14,300.74,243.79,72.89
88:4A:EA:69:42:9B,2017-03-15 07:03:38.940000000,94.25,94.18,94.3,94.18,94.35,49.08
88:4A:EA:69:43:8A,2017-03-15 07:03:39.220000000,117.28,150.4,116.64,102.66,99.41,54.52
88:4A:EA:69:42:9B,2017-03-15 07:03:39.460000000,94.18,94.06,94.23,94.38,94.04,47.74
88:4A:EA:69:E1:72,2017-03-15 07:03:39.560000000,2781.95,9.09,6.41,4.16,52.05,211.0
88:4A:EA:69:43:8A,2017-03-15 07:03:39.750000128,97.71,98.02,97.61,97.58,97.61,41.93
88:4A:EA:69:42:9B,2017-03-15 07:03:39.980000000,94.55,94.26,94.2,94.76,95.0,53.81
88:4A:EA:69:43:8A,2017-03-15 07:03:40.270000128,122.93,97.67,102.24,120.37,171.44,55.51
88:4A:EA:69:42:9B,2017-03-15 07:03:40.510000128,94.26,94.16,94.4,94.35,94.13,52.08
88:4A:EA:69:E1:72,2017-03-15 07:03:40.620000000,1187.47,9.38,5.64,4.64,52.05,30.0
88:4A:EA:69:43:8A,2017-03-15 07:03:40.790000128,275.56,332.73,355.46,257.54,156.52,71.59
88:4A:EA:69:42:9B,2017-03-15 07:03:41.030000128,94.35,94.28,94.29,94.35,94.47,47.9
88:4A:EA:69:E1:72,2017-03-15 07:03:41.140000000,1103.66,8.72,4.69,2.06,52.05,208.0
88:4A:EA:69:43:8A,2017-03-15 07:03:41.320000000,108.59,125.89,108.28,101.43,98.77,51.19
88:4A:EA:69:42:9B,2017-03-15 07:03:41.550000128,94.27,94.28,94.29,94.27,94.25,50.64
88:4A:EA:69:E1:72,2017-03-15 07:03:41.590000128,27146.94,17.98,78.96,27.84,52.05,29.0
88:4A:EA:69:43:8A,2017-03-15 07:03:41.840000000,97.7,97.94,97.82,97.45,97.6,41.49
88:4A:EA:69:42:9B,2017-03-15 07:03:42.070000128,94.25,94.14,94.26,94.29,94.29,49.52
88:4A:EA:69:43:8A,2017-03-15 07:03:42.360000000,97.68,97.74,97.69,97.7,97.59,45.06
88:4A:EA:69:42:9B,2017-03-15 07:03:42.600000000,94.32,94.38,94.39,94.1,94.42,51.13
88:4A:EA:69:E1:72,2017-03-15 07:03:42.710000128,1302.72,8.65,4.68,2.31,52.05,208.0
88:4A:EA:69:43:8A,2017-03-15 07:03:42.889999872,102.83,97.6,97.75,99.96,115.99,50.77
88:4A:EA:69:42:9B,2017-03-15 07:03:43.120000000,94.3,94.75,93.98,94.29,94.18,57.35
88:4A:EA:69:43:8A,2017-03-15 07:03:43.409999872,211.52,147.7,278.53,258.91,160.96,70.65
88:4A:EA:69:42:9B,2017-03-15 07:03:43.640000000,98.1,95.59,101.77,99.71,95.34,54.45
88:4A:EA:69:E1:72,2017-03-15 07:03:43.760000000,22117.65,38.42,26.64,40.69,52.05,30.0
88:4A:EA:69:43:8A,2017-03-15 07:03:43.929999872,105.21,116.14,105.71,100.07,98.93,51.6
88:4A:EA:69:42:9B,2017-03-15 07:03:44.169999872,95.18,94.51,94.83,95.12,96.26,53.98
88:4A:EA:69:43:8A,2017-03-15 07:03:44.460000000,97.7,98.02,97.58,97.58,97.61,45.19
88:4A:EA:69:42:9B,2017-03-15 07:03:44.689999872,94.5,94.57,94.19,94.71,94.53,56.45
88:4A:EA:69:E1:72,2017-03-15 07:03:44.809999872,976.48,8.78,4.67,2.26,52.05,211.0
88:4A:EA:69:43:8A,2017-03-15 07:03:44.980000000,179.32,98.25,110.07,142.73,366.21,66.18
88:4A:EA:69:42:9B,2017-03-15 07:03:45.209999872,94.29,94.15,94.28,94.32,94.4,51.62
88:4A:EA:69:43:8A,2017-03-15 07:03:45.500000000,156.48,251.19,157.37,114.23,103.15,64.23
88:4A:EA:69:42:9B,2017-03-15 07:03:45.729999872,94.18,94.21,94.08,94.19,94.25,49.07
88:4A:EA:69:E1:72,2017-03-15 07:03:45.830000128,1462.48,8.86,4.98,1.69,52.05,118.0
88:4A:EA:69:43:8A,2017-03-15 07:03:46.030000128,98.19,99.18,98.2,97.81,97.56,43.75
88:4A:EA:69:42:9B,2017-03-15 07:03:46.260000000,94.27,94.24,94.22,94.43,94.19,50.66
88:4A:EA:69:43:8A,2017-03-15 07:03:46.550000128,99.17,97.58,97.63,97.66,103.81,44.44
88:4A:EA:69:42:9B,2017-03-15 07:03:46.780000000,94.54,93.64,95.82,94.29,94.4,56.24
88:4A:EA:69:E1:72,2017-03-15 07:03:46.880000000,1374.05,9.14,5.08,2.03,52.06,119.0
88:4A:EA:69:43:8A,2017-03-15 07:03:47.070000128,260.26,117.56,224.76,358.48,340.24,72.85
88:4A:EA:69:42:9B,2017-03-15 07:03:47.300000000,94.26,94.31,94.23,94.41,94.1,50.28
88:4A:EA:69:43:8A,2017-03-15 07:03:47.600000000,160.6,239.82,162.13,128.99,111.44,59.02
88:4A:EA:69:42:9B,2017-03-15 07:03:47.820000000,94.29,94.42,94.24,94.32,94.19,49.22
88:4A:EA:69:E1:72,2017-03-15 07:03:47.929999872,1433.89,8.71,4.93,2.09,52.05,209.0
88:4A:EA:69:43:8A,2017-03-15 07:03:48.120000000,99.65,103.21,99.44,98.15,97.8,46.29
88:4A:EA:69:42:9B,2017-03-15 07:03:48.350000128,94.28,94.26,94.17,94.31,94.4,49.13
88:4A:EA:69:43:8A,2017-03-15 07:03:48.649999872,97.63,97.61,97.57,97.75,97.57,46.48
88:4A:EA:69:42:9B,2017-03-15 07:03:48.870000128,94.32,94.22,94.29,94.31,94.47,51.31
88:4A:EA:69:E1:72,2017-03-15 07:03:48.980000000,1402.06,8.74,4.77,2.09,52.06,208.0
88:4A:EA:69:42:9B,2017-03-15 07:03:49.009999872,100.97,98.55,99.69,97.71,107.92,56.07
88:4A:EA:69:43:8A,2017-03-15 07:03:49.169999872,97.59,97.71,97.6,97.44,97.6,42.67
88:4A:EA:69:42:9B,2017-03-15 07:03:49.529999872,95.96,97.42,95.19,96.09,95.15,53.83
88:4A:EA:69:43:8A,2017-03-15 07:03:49.689999872,97.64,97.59,97.65,97.65,97.69,39.22
88:4A:EA:69:E1:72,2017-03-15 07:03:50.030000128,12893.15,18.05,12.15,25.83,52.06,30.0
88:4A:EA:69:42:9B,2017-03-15 07:03:50.060000000,94.36,94.48,94.07,94.34,94.55,51.06
88:4A:EA:69:43:8A,2017-03-15 07:03:50.220000000,97.64,97.72,97.63,97.53,97.68,38.67
88:4A:EA:69:42:9B,2017-03-15 07:03:50.580000000,94.22,94.22,94.3,94.23,94.13,50.36
88:4A:EA:69:43:8A,2017-03-15 07:03:50.740000000,97.57,97.59,97.51,97.65,97.54,37.44
88:4A:EA:69:E1:72,2017-03-15 07:03:51.080000000,1255.1,8.44,4.78,2.11,52.06,211.0
88:4A:EA:69:42:9B,2017-03-15 07:03:51.100000000,94.27,94.27,94.27,94.24,94.31,49.31
88:4A:EA:69:43:8A,2017-03-15 07:03:51.260000000,97.56,97.62,97.46,97.58,97.57,37.58
88:4A:EA:69:E1:72,2017-03-15 07:03:51.609999872,6105.82,10.18,6.82,14.41,52.06,27.0
88:4A:EA:69:42:9B,2017-03-15 07:03:51.630000128,94.33,94.21,94.52,94.38,94.22,49.19
88:4A:EA:69:43:8A,2017-03-15 07:03:51.780000000,97.61,97.71,97.62,97.51,97.6,36.97
88:4A:EA:69:E1:72,2017-03-15 07:03:52.000000000,1598.0,70.42,21.99,30.68,52.06,30.0
88:4A:EA:69:42:9B,2017-03-15 07:03:52.150000128,94.21,94.17,94.24,94.26,94.18,50.65
88:4A:EA:69:43:8A,2017-03-15 07:03:52.310000128,97.57,97.63,97.54,97.59,97.52,35.84
88:4A:EA:69:E1:72,2017-03-15 07:03:52.569999872,963.47,8.54,4.89,2.44,52.06,208.0
88:4A:EA:69:42:9B,2017-03-15 07:03:52.670000128,94.32,94.47,94.43,94.1,94.26,56.0
88:4A:EA:69:43:8A,2017-03-15 07:03:52.830000128,97.68,97.66,97.64,97.68,97.75,37.76
88:4A:EA:69:E1:72,2017-03-15 07:03:53.080000000,1245.54,8.85,4.63,2.17,52.06,209.0
88:4A:EA:69:42:9B,2017-03-15 07:03:53.190000128,94.23,94.19,94.32,94.21,94.19,49.62
88:4A:EA:69:43:8A,2017-03-15 07:03:53.350000128,144.3,107.95,136.47,182.63,150.18,72.02
88:4A:EA:69:E1:72,2017-03-15 07:03:53.560000000,38570.0,18.2,16.59,32.87,52.06,30.0
88:4A:EA:69:42:9B,2017-03-15 07:03:53.720000000,94.29,94.27,94.25,94.32,94.31,47.92
88:4A:EA:69:43:8A,2017-03-15 07:03:53.870000128,110.41,146.85,98.98,98.42,97.37,55.7
88:4A:EA:69:E1:72,2017-03-15 07:03:54.080000000,2186.59,20.29,66.53,24.06,52.06,30.0
88:4A:EA:69:42:9B,2017-03-15 07:03:54.240000000,94.36,94.15,94.49,93.9,94.92,53.14
88:4A:EA:69:43:8A,2017-03-15 07:03:54.400000000,97.66,97.64,97.74,97.65,97.61,40.31
88:4A:EA:69:E1:72,2017-03-15 07:03:54.600000000,1338.02,8.87,4.95,3.45,52.06,28.0
88:4A:EA:69:42:9B,2017-03-15 07:03:54.760000000,94.34,94.47,94.22,94.3,94.36,52.55
88:4A:EA:69:43:8A,2017-03-15 07:03:54.920000000,119.99,97.62,100.58,118.41,163.35,56.34
88:4A:EA:69:E1:72,2017-03-15 07:03:55.150000128,1180.63,8.45,4.68,2.23,52.06,208.0
88:4A:EA:69:42:9B,2017-03-15 07:03:55.280000000,94.21,94.41,94.25,94.17,94.03,49.46
88:4A:EA:69:43:8A,2017-03-15 07:03:55.449999872,274.79,360.66,349.91,235.27,153.32,71.63
88:4A:EA:69:42:9B,2017-03-15 07:03:55.809999872,94.19,94.17,94.22,94.07,94.29,52.8
88:4A:EA:69:43:8A,2017-03-15 07:03:55.969999872,104.49,115.72,104.1,99.7,98.44,50.66
88:4A:EA:69:E1:72,2017-03-15 07:03:56.289999872,5540.83,70.08,14.57,30.28,52.07,27.0
88:4A:EA:69:42:9B,2017-03-15 07:03:56.329999872,94.59,94.38,94.16,96.03,93.81,55.82
88:4A:EA:69:43:8A,2017-03-15 07:03:56.489999872,97.66,97.7,97.59,97.58,97.77,41.44
88:4A:EA:69:42:9B,2017-03-15 07:03:56.849999872,94.26,94.45,94.17,94.29,94.16,50.54
88:4A:EA:69:43:8A,2017-03-15 07:03:57.020000000,159.69,98.22,110.52,126.25,303.77,65.4
88:4A:EA:69:E1:72,2017-03-15 07:03:57.350000128,1207.64,8.21,4.71,2.11,52.07,211.0
88:4A:EA:69:42:9B,2017-03-15 07:03:57.369999872,94.29,94.28,94.27,94.33,94.26,47.16
88:4A:EA:69:43:8A,2017-03-15 07:03:57.540000000,160.16,267.28,155.8,115.63,101.95,65.51
88:4A:EA:69:E1:72,2017-03-15 07:03:57.870000128,19127.57,16.06,36.31,26.34,52.07,27.0
88:4A:EA:69:42:9B,2017-03-15 07:03:57.900000000,94.31,94.35,94.28,94.31,94.28,48.11
88:4A:EA:69:43:8A,2017-03-15 07:03:58.060000000,98.09,98.97,98.2,97.56,97.62,44.52
88:4A:EA:69:E1:72,2017-03-15 07:03:58.260000000,1277.78,18.92,17.62,26.22,52.07,31.0
88:4A:EA:69:42:9B,2017-03-15 07:03:58.420000000,99.74,97.5,101.14,97.67,102.65,55.61
88:4A:EA:69:43:8A,2017-03-15 07:03:58.590000128,97.64,97.58,97.76,97.58,97.65,41.91
88:4A:EA:69:E1:72,2017-03-15 07:03:58.800000000,1025.56,8.49,4.49,2.22,52.07,208.0
88:4A:EA:69:42:9B,2017-03-15 07:03:58.940000000,97.18,101.77,95.5,95.49,95.97,57.3
88:4A:EA:69:43:8A,2017-03-15 07:03:59.110000128,101.19,97.62,97.57,97.66,111.91,50.41
88:4A:EA:69:E1:72,2017-03-15 07:03:59.320000000,1263.96,8.76,4.99,2.47,52.07,210.0
88:4A:EA:69:42:9B,2017-03-15 07:03:59.460000000,94.55,95.19,94.44,94.29,94.27,49.66
88:4A:EA:69:43:8A,2017-03-15 07:03:59.630000128,185.9,117.37,213.4,169.77,243.06,70.79
88:4A:EA:69:E1:72,2017-03-15 07:03:59.849999872,7881.77,27.76,23.68,41.35,52.07,28.0
88:4A:EA:69:42:9B,2017-03-15 07:03:59.990000128,94.25,94.36,94.14,94.36,94.14,48.69
88:4A:EA:69:43:8A,2017-03-15 07:04:00.160000000,104.83,118.06,103.05,99.84,98.37,54.12
88:4A:EA:69:E1:72,2017-03-15 07:04:00.369999872,1309.82,11.16,5.83,6.46,52.07,31.0
88:4A:EA:69:42:9B,2017-03-15 07:04:00.510000128,94.48,94.22,94.58,94.25,94.87,54.89
88:4A:EA:69:43:8A,2017-03-15 07:04:00.680000000,97.67,97.57,97.65,97.72,97.74,40.89
88:4A:EA:69:E1:72,2017-03-15 07:04:00.900000000,1322.77,8.43,4.86,2.11,52.07,211.0
88:4A:EA:69:42:9B,2017-03-15 07:04:01.030000128,94.24,94.25,94.3,94.3,94.09,50.55
88:4A:EA:69:43:8A,2017-03-15 07:04:01.209999872,158.83,98.01,114.69,141.22,281.42,64.54
88:4A:EA:69:E1:72,2017-03-15 07:04:01.400000000,1011.02,8.33,4.71,2.02,52.07,209.0
88:4A:EA:69:42:9B,2017-03-15 07:04:01.560000000,94.33,94.17,94.17,94.45,94.53,48.43
88:4A:EA:69:43:8A,2017-03-15 07:04:01.729999872,151.15,262.13,133.57,107.04,101.85,64.5
88:4A:EA:69:E1:72,2017-03-15 07:04:01.969999872,8712.32,28.46,66.29,21.76,52.07,30.0
88:4A:EA:69:42:9B,2017-03-15 07:04:02.080000000,94.22,94.22,94.24,94.28,94.13,49.6
88:4A:EA:69:43:8A,2017-03-15 07:04:02.249999872,97.96,98.47,97.79,97.88,97.7,45.6
88:4A:EA:69:E1:72,2017-03-15 07:04:02.440000000,1020.27,9.8,6.13,7.91,52.07,28.0
88:4A:EA:69:42:9B,2017-03-15 07:04:02.600000000,94.56,95.57,93.98,94.48,94.22,55.33
88:4A:EA:69:43:8A,2017-03-15 07:04:02.780000000,102.48,97.57,97.5,100.69,114.17,50.87
88:4A:EA:69:E1:72,2017-03-15 07:04:02.969999872,1163.71,8.6,4.64,2.12,52.07,210.0
88:4A:EA:69:42:9B,2017-03-15 07:04:03.120000000,94.25,94.31,94.27,94.19,94.24,48.67
88:4A:EA:69:43:8A,2017-03-15 07:04:03.300000000,231.07,121.49,319.1,296.24,187.42,71.89
88:4A:EA:69:E1:72,2017-03-15 07:04:03.480000000,6484.42,10.24,6.91,13.18,52.07,28.0
88:4A:EA:69:42:9B,2017-03-15 07:04:03.649999872,94.27,94.26,94.26,94.23,94.32,47.37
88:4A:EA:69:43:8A,2017-03-15 07:04:03.820000000,113.99,138.54,113.26,103.85,100.31,54.61
88:4A:EA:69:42:9B,2017-03-15 07:04:04.169999872,94.41,94.39,94.32,94.45,94.49,48.29
88:4A:EA:69:43:8A,2017-03-15 07:04:04.350000128,97.92,98.36,97.82,97.8,97.72,41.59
88:4A:EA:69:42:9B,2017-03-15 07:04:04.689999872,94.26,93.84,94.64,94.23,94.32,54.27
88:4A:EA:69:E1:72,2017-03-15 07:04:04.689999872,1407.01,8.42,4.82,4.05,52.07,28.0
88:4A:EA:69:43:8A,2017-03-15 07:04:04.870000128,98.29,97.61,97.69,97.64,100.23,46.66
88:4A:EA:69:E1:72,2017-03-15 07:04:05.220000000,1147.92,8.24,4.48,1.98,52.07,209.0
88:4A:EA:69:42:9B,2017-03-15 07:04:05.220000000,94.25,94.21,94.22,94.36,94.21,48.2
88:4A:EA:69:43:8A,2017-03-15 07:04:05.390000128,183.59,130.73,165.71,267.06,170.86,71.67
88:4A:EA:69:E1:72,2017-03-15 07:04:05.590000128,15267.32,13.22,77.97,23.78,52.08,29.0
88:4A:EA:69:42:9B,2017-03-15 07:04:05.740000000,94.31,94.4,94.2,94.4,94.24,48.97
88:4A:EA:69:43:8A,2017-03-15 07:04:05.920000000,100.17,105.89,99.14,98.33,97.3,55.79
88:4A:EA:69:42:9B,2017-03-15 07:04:06.260000000,101.02,101.46,99.96,95.39,107.26,57.55
88:4A:EA:69:43:8A,2017-03-15 07:04:06.440000000,97.57,97.69,97.64,97.51,97.43,40.86
88:4A:EA:69:E1:72,2017-03-15 07:04:06.760000000,1123.46,8.88,4.86,2.08,52.08,210.0
88:4A:EA:69:42:9B,2017-03-15 07:04:06.780000000,95.54,96.51,95.02,95.61,95.01,55.76
88:4A:EA:69:43:8A,2017-03-15 07:04:06.960000000,116.9,97.61,99.29,112.64,158.05,53.72
88:4A:EA:69:42:9B,2017-03-15 07:04:07.310000128,94.34,94.37,94.52,94.46,94.03,49.91
88:4A:EA:69:43:8A,2017-03-15 07:04:07.489999872,229.86,316.13,274.85,207.04,121.44,70.87
88:4A:EA:69:E1:72,2017-03-15 07:04:07.800000000,1341.76,8.87,4.97,2.09,52.08,209.0
88:4A:EA:69:42:9B,2017-03-15 07:04:07.830000128,94.2,94.21,94.2,94.15,94.25,47.7
88:4A:EA:69:43:8A,2017-03-15 07:04:08.009999872,101.53,107.48,101.58,98.94,98.12,50.52
88:4A:EA:69:E1:72,2017-03-15 07:04:08.320000000,13320.44,17.21,13.48,24.5,52.07,31.0
88:4A:EA:69:42:9B,2017-03-15 07:04:08.350000128,94.67,94.29,94.52,94.43,95.43,54.64
88:4A:EA:69:43:8A,2017-03-15 07:04:08.540000000,97.66,97.68,97.49,97.74,97.71,44.78
88:4A:EA:69:E1:72,2017-03-15 07:04:08.729999872,1172.58,9.91,5.42,9.01,52.07,31.0
88:4A:EA:69:42:9B,2017-03-15 07:04:08.870000128,94.23,94.14,94.29,94.29,94.22,51.36
88:4A:EA:69:43:8A,2017-03-15 07:04:09.060000000,151.5,97.69,108.49,128.35,271.47,64.37
88:4A:EA:69:E1:72,2017-03-15 07:04:09.310000128,1183.96,8.75,4.66,2.18,52.08,210.0
88:4A:EA:69:42:9B,2017-03-15 07:04:09.400000000,94.29,94.32,94.28,94.24,94.32,48.4
88:4A:EA:69:43:8A,2017-03-15 07:04:09.580000000,219.68,355.19,236.42,162.67,124.43,70.18
88:4A:EA:69:E1:72,2017-03-15 07:04:09.750000128,6375.44,11.21,36.95,16.94,52.08,27.0
88:4A:EA:69:42:9B,2017-03-15 07:04:09.920000000,94.29,94.28,94.34,94.23,94.3,47.26
88:4A:EA:69:43:8A,2017-03-15 07:04:10.110000128,101.38,107.82,101.28,98.75,97.68,48.5
88:4A:EA:69:42:9B,2017-03-15 07:04:10.440000000,95.59,94.16,94.15,94.34,99.69,50.87
88:4A:EA:69:43:8A,2017-03-15 07:04:10.630000128,97.58,97.42,97.65,97.57,97.66,42.66
88:4A:EA:69:E1:72,2017-03-15 07:04:10.940000000,1341.46,8.36,5.17,2.3,52.08,208.0
88:4A:EA:69:42:9B,2017-03-15 07:04:10.969999872,102.85,101.02,95.12,104.84,110.4,58.78
88:4A:EA:69:43:8A,2017-03-15 07:04:11.160000000,98.56,97.48,97.59,97.53,101.63,44.57
88:4A:EA:69:42:9B,2017-03-15 07:04:11.489999872,95.93,96.38,97.32,95.01,95.03,54.52
88:4A:EA:69:43:8A,2017-03-15 07:04:11.680000000,145.24,118.48,135.64,191.28,135.56,72.29
88:4A:EA:69:E1:72,2017-03-15 07:04:11.960000000,21175.92,39.78,24.15,38.43,52.08,32.0
88:4A:EA:69:42:9B,2017-03-15 07:04:12.009999872,94.24,94.35,94.21,94.19,94.22,49.28
88:4A:EA:69:43:8A,2017-03-15 07:04:12.200000000,104.21,121.92,99.31,98.25,97.36,54.18
88:4A:EA:69:42:9B,2017-03-15 07:04:12.540000000,94.39,94.31,94.47,93.76,95.03,54.59
88:4A:EA:69:43:8A,2017-03-15 07:04:12.729999872,97.61,97.73,97.6,97.42,97.67,41.39
88:4A:EA:69:E1:72,2017-03-15 07:04:13.009999872,1076.55,8.55,4.63,2.24,52.09,210.0
88:4A:EA:69:42:9B,2017-03-15 07:04:13.060000000,94.23,94.22,94.13,94.31,94.26,51.78
88:4A:EA:69:43:8A,2017-03-15 07:04:13.249999872,146.64,97.51,107.39,142.53,239.14,62.07
88:4A:EA:69:42:9B,2017-03-15 07:04:13.580000000,94.27,94.27,94.11,94.25,94.44,48.35
88:4A:EA:69:43:8A,2017-03-15 07:04:13.769999872,185.0,304.94,213.87,115.88,105.3,67.89
88:4A:EA:69:E1:72,2017-03-15 07:04:14.089999872,1215.92,8.58,4.81,2.07,52.09,210.0
88:4A:EA:69:42:9B,2017-03-15 07:04:14.100000000,94.14,94.23,94.25,94.16,93.92,49.23
88:4A:EA:69:43:8A,2017-03-15 07:04:14.289999872,98.61,100.45,98.62,97.78,97.61,43.46
88:4A:EA:69:42:9B,2017-03-15 07:04:14.630000128,97.45,94.16,95.23,97.12,103.29,58.49
88:4A:EA:69:43:8A,2017-03-15 07:04:14.820000000,99.34,97.71,97.62,97.69,104.36,49.25
88:4A:EA:69:E1:72,2017-03-15 07:04:15.110000128,12707.87,16.09,51.51,22.21,52.09,29.0
88:4A:EA:69:42:9B,2017-03-15 07:04:15.150000128,98.13,94.26,105.44,97.48,95.33,55.63
88:4A:EA:69:43:8A,2017-03-15 07:04:15.340000000,268.53,126.69,276.54,383.55,287.37,72.81
88:4A:EA:69:42:9B,2017-03-15 07:04:15.670000128,95.15,96.36,94.72,94.78,94.72,51.93
88:4A:EA:69:43:8A,2017-03-15 07:04:15.870000128,144.2,199.51,147.31,122.05,107.94,56.47
88:4A:EA:69:E1:72,2017-03-15 07:04:16.160000000,1390.08,8.53,4.79,2.72,52.09,209.0
88:4A:EA:69:42:9B,2017-03-15 07:04:16.190000128,94.2,94.13,94.2,94.26,94.2,48.63
88:4A:EA:69:43:8A,2017-03-15 07:04:16.390000128,98.94,101.5,98.59,97.95,97.73,43.01
88:4A:EA:69:E1:72,2017-03-15 07:04:16.680000000,5552.66,9.67,6.78,13.32,52.09,27.0
88:4A:EA:69:42:9B,2017-03-15 07:04:16.720000000,94.22,94.37,94.1,94.34,94.1,48.92
88:4A:EA:69:43:8A,2017-03-15 07:04:16.920000000,97.62,97.61,97.59,97.7,97.6,44.21
88:4A:EA:69:E1:72,2017-03-15 07:04:17.100000000,2765.65,61.9,22.07,32.84,52.09,29.0
88:4A:EA:69:42:9B,2017-03-15 07:04:17.240000000,94.24,94.08,94.35,94.13,94.41,50.07
88:4A:EA:69:43:8A,2017-03-15 07:04:17.440000000,97.64,97.63,97.74,97.63,97.58,38.33
88:4A:EA:69:E1:72,2017-03-15 07:04:17.630000128,911.67,8.42,4.6,2.73,52.09,210.0
88:4A:EA:69:42:9B,2017-03-15 07:04:17.760000000,94.32,94.32,94.38,94.21,94.39,54.86
88:4A:EA:69:43:8A,2017-03-15 07:04:17.960000000,97.61,97.61,97.5,97.69,97.66,37.77
88:4A:EA:69:E1:72,2017-03-15 07:04:18.150000128,1198.36,8.58,4.59,2.12,52.09,208.0
88:4A:EA:69:42:9B,2017-03-15 07:04:18.289999872,96.17,94.49,94.25,95.72,100.23,53.17
88:4A:EA:69:43:8A,2017-03-15 07:04:18.480000000,153.01,118.07,128.51,208.91,156.57,68.89
88:4A:EA:69:42:9B,2017-03-15 07:04:18.809999872,101.22,98.43,103.93,105.85,96.67,55.98
88:4A:EA:69:43:8A,2017-03-15 07:04:19.009999872,124.07,189.46,108.44,99.86,98.54,59.2
88:4A:EA:69:E1:72,2017-03-15 07:04:19.320000000,12062.76,28.64,23.91,38.06,52.09,33.0
88:4A:EA:69:42:9B,2017-03-15 07:04:19.329999872,95.49,95.5,96.57,94.42,95.45,54.84
88:4A:EA:69:43:8A,2017-03-15 07:04:19.529999872,97.74,98.02,97.51,97.62,97.81,41.63
88:4A:EA:69:42:9B,2017-03-15 07:04:19.849999872,94.22,93.98,94.13,94.62,94.14,54.32
88:4A:EA:69:43:8A,2017-03-15 07:04:20.049999872,112.08,97.63,98.62,109.09,142.99,54.97
88:4A:EA:69:E1:72,2017-03-15 07:04:20.360000000,1084.63,8.39,4.6,2.16,52.09,211.0
88:4A:EA:69:42:9B,2017-03-15 07:04:20.380000000,94.25,94.3,94.18,94.25,94.25,49.61
88:4A:EA:69:43:8A,2017-03-15 07:04:20.580000000,249.78,325.45,317.18,213.57,142.92,71.03
88:4A:EA:69:42:9B,2017-03-15 07:04:20.900000000,94.28,94.15,94.31,94.22,94.45,49.53
88:4A:EA:69:43:8A,2017-03-15 07:04:21.100000000,103.56,113.64,102.77,99.39,98.45,49.89
88:4A:EA:69:E1:72,2017-03-15 07:04:21.380000000,6406.39,11.21,8.38,14.54,52.09,33.0
88:4A:EA:69:42:9B,2017-03-15 07:04:21.420000000,94.22,94.14,94.18,94.5,94.07,50.81
88:4A:EA:69:43:8A,2017-03-15 07:04:21.620000000,97.63,97.79,97.55,97.48,97.71,41.02
88:4A:EA:69:42:9B,2017-03-15 07:04:21.940000000,94.54,94.79,94.99,94.24,94.12,55.96
88:4A:EA:69:43:8A,2017-03-15 07:04:22.150000128,106.3,97.75,97.53,106.61,123.29,54.66
88:4A:EA:69:E1:72,2017-03-15 07:04:22.460000000,1057.22,8.72,4.71,2.47,52.1,210.0
88:4A:EA:69:42:9B,2017-03-15 07:04:22.470000128,94.24,94.14,94.31,94.31,94.19,51.03
88:4A:EA:69:43:8A,2017-03-15 07:04:22.670000128,239.63,215.98,323.71,257.24,161.59,72.91
88:4A:EA:69:42:9B,2017-03-15 07:04:22.990000128,94.27,94.25,94.22,94.36,94.25,50.3
88:4A:EA:69:43:8A,2017-03-15 07:04:23.190000128,101.47,107.96,101.28,98.59,98.05,48.85
88:4A:EA:69:42:9B,2017-03-15 07:04:23.510000128,95.47,94.29,94.26,94.16,99.17,51.64
88:4A:EA:69:E1:72,2017-03-15 07:04:23.510000128,7240.0,71.42,22.84,39.06,52.1,28.0
88:4A:EA:69:43:8A,2017-03-15 07:04:23.720000000,97.71,97.85,97.54,97.74,97.69,41.75
88:4A:EA:69:42:9B,2017-03-15 07:04:24.040000000,99.77,102.64,94.47,104.35,97.64,57.39
88:4A:EA:69:43:8A,2017-03-15 07:04:24.240000000,97.64,97.6,97.69,97.59,97.67,44.38
88:4A:EA:69:E1:72,2017-03-15 07:04:24.510000128,1398.32,9.03,4.79,2.14,52.1,209.0
88:4A:EA:69:42:9B,2017-03-15 07:04:24.560000000,95.58,95.99,96.77,94.98,94.57,53.7
88:4A:EA:69:43:8A,2017-03-15 07:04:24.760000000,142.93,97.54,126.31,146.31,201.57,62.51
88:4A:EA:69:E1:72,2017-03-15 07:04:25.030000128,5996.99,10.51,6.9,10.95,52.1,31.0
88:4A:EA:69:42:9B,2017-03-15 07:04:25.080000000,94.21,94.16,94.56,93.95,94.17,50.08
88:4A:EA:69:43:8A,2017-03-15 07:04:25.289999872,141.16,139.22,205.14,115.76,104.53,64.62
88:4A:EA:69:E1:72,2017-03-15 07:04:25.449999872,3763.41,39.73,23.33,39.75,52.1,30.0
88:4A:EA:69:42:9B,2017-03-15 07:04:25.600000000,94.13,94.16,94.1,94.0,94.26,51.78
88:4A:EA:69:43:8A,2017-03-15 07:04:25.809999872,98.41,100.21,98.38,97.59,97.47,45.31
88:4A:EA:69:E1:72,2017-03-15 07:04:25.990000128,1164.34,9.43,5.29,2.84,52.1,210.0
88:4A:EA:69:42:9B,2017-03-15 07:04:26.129999872,94.47,94.95,94.46,94.22,94.26,56.52
88:4A:EA:69:43:8A,2017-03-15 07:04:26.329999872,106.03,97.57,97.65,109.58,119.34,52.4
88:4A:EA:69:E1:72,2017-03-15 07:04:26.500000000,1022.08,8.43,4.56,2.21,52.1,208.0
88:4A:EA:69:42:9B,2017-03-15 07:04:26.649999872,94.27,94.31,94.29,94.29,94.19,51.38
88:4A:EA:69:43:8A,2017-03-15 07:04:26.860000000,268.07,222.76,389.21,270.32,189.97,71.66
88:4A:EA:69:42:9B,2017-03-15 07:04:27.169999872,94.23,94.19,94.17,94.34,94.22,49.85
88:4A:EA:69:43:8A,2017-03-15 07:04:27.380000000,107.48,125.05,105.98,100.72,98.16,52.47
88:4A:EA:69:E1:72,2017-03-15 07:04:27.640000000,8684.49,12.38,9.38,18.24,52.1,30.0
88:4A:EA:69:42:9B,2017-03-15 07:04:27.689999872,94.81,94.26,94.45,94.17,96.34,52.85
88:4A:EA:69:43:8A,2017-03-15 07:04:27.910000128,97.71,97.88,97.69,97.63,97.65,40.37
88:4A:EA:69:42:9B,2017-03-15 07:04:28.220000000,94.05,93.35,94.4,94.28,94.18,53.97
88:4A:EA:69:43:8A,2017-03-15 07:04:28.430000128,128.92,97.58,107.32,124.92,185.86,59.57
88:4A:EA:69:E1:72,2017-03-15 07:04:28.680000000,999.15,8.43,4.62,2.52,52.1,211.0
88:4A:EA:69:42:9B,2017-03-15 07:04:28.740000000,94.28,94.32,94.16,94.24,94.41,49.56
88:4A:EA:69:43:8A,2017-03-15 07:04:28.950000128,225.62,336.03,275.33,164.19,126.95,71.04
88:4A:EA:69:42:9B,2017-03-15 07:04:29.260000000,100.36,95.4,102.27,95.43,108.36,55.89
88:4A:EA:69:43:8A,2017-03-15 07:04:29.470000128,103.11,111.45,102.6,99.92,98.48,48.66
88:4A:EA:69:E1:72,2017-03-15 07:04:29.750000128,1493.17,8.88,4.93,1.69,52.11,118.0
88:4A:EA:69:42:9B,2017-03-15 07:04:29.780000000,96.96,100.28,96.5,96.39,94.65,54.04
88:4A:EA:69:43:8A,2017-03-15 07:04:30.000000000,97.65,97.67,97.57,97.75,97.62,42.18
88:4A:EA:69:42:9B,2017-03-15 07:04:30.310000128,94.3,94.65,94.27,94.16,94.11,54.09
88:4A:EA:69:43:8A,2017-03-15 07:04:30.520000000,97.62,97.7,97.64,97.56,97.58,44.0
88:4A:EA:69:E1:72,2017-03-15 07:04:30.760000000,1416.89,9.32,5.09,3.05,52.11,33.0
88:4A:EA:69:42:9B,2017-03-15 07:04:30.830000128,94.28,94.44,94.27,94.07,94.32,51.88
88:4A:EA:69:43:8A,2017-03-15 07:04:31.040000000,141.46,101.0,113.97,132.69,218.18,67.11
88:4A:EA:69:42:9B,2017-03-15 07:04:31.350000128,94.2,94.19,94.21,94.29,94.11,51.29
88:4A:EA:69:43:8A,2017-03-15 07:04:31.569999872,131.15,190.7,129.32,104.2,100.39,61.7
88:4A:EA:69:42:9B,2017-03-15 07:04:31.880000000,94.3,94.3,94.25,94.25,94.39,51.12
88:4A:EA:69:E1:72,2017-03-15 07:04:31.900000000,26423.12,38.68,100.0,34.74,52.11,33.0
88:4A:EA:69:43:8A,2017-03-15 07:04:32.089999872,97.92,98.2,98.04,97.7,97.72,42.68
88:4A:EA:69:42:9B,2017-03-15 07:04:32.400000000,94.28,94.26,94.26,94.24,94.35,49.56
88:4A:EA:69:43:8A,2017-03-15 07:04:32.620000000,97.66,97.58,97.74,97.65,97.65,41.32
88:4A:EA:69:E1:72,2017-03-15 07:04:32.880000000,1235.17,8.43,4.6,2.17,52.11,209.0
88:4A:EA:69:42:9B,2017-03-15 07:04:32.920000000,99.05,95.69,102.32,97.58,100.62,55.65
88:4A:EA:69:43:8A,2017-03-15 07:04:33.140000000,97.62,97.65,97.57,97.65,97.63,38.54
88:4A:EA:69:E1:72,2017-03-15 07:04:33.400000000,3214.21,8.93,6.31,5.51,52.11,211.0
88:4A:EA:69:42:9B,2017-03-15 07:04:33.440000000,97.9,102.98,96.58,95.95,96.07,55.34
88:4A:EA:69:43:8A,2017-03-15 07:04:33.660000000,97.62,97.68,97.65,97.61,97.55,40.2
88:4A:EA:69:E1:72,2017-03-15 07:04:33.820000000,4521.8,41.96,23.11,42.77,52.11,30.0
88:4A:EA:69:42:9B,2017-03-15 07:04:33.969999872,94.45,94.51,94.63,94.55,94.1,51.68
88:4A:EA:69:42:9B,2017-03-15 07:04:34.489999872,94.56,95.16,93.96,94.98,94.15,56.78
88:4A:EA:69:43:8A,2017-03-15 07:04:34.520000000,97.6,97.58,97.67,97.69,97.48,39.75
88:4A:EA:69:43:8A,2017-03-15 07:04:34.780000000,99.92,97.62,97.61,97.63,106.82,47.96
88:4A:EA:69:E1:72,2017-03-15 07:04:34.980000000,1101.91,8.51,4.66,2.21,52.11,208.0
88:4A:EA:69:42:9B,2017-03-15 07:04:35.009999872,94.24,94.35,94.15,94.19,94.29,50.6
88:4A:EA:69:43:8A,2017-03-15 07:04:35.300000000,192.13,135.13,230.07,199.51,203.82,72.19
88:4A:EA:69:42:9B,2017-03-15 07:04:35.529999872,94.22,94.27,94.18,94.23,94.22,55.33
88:4A:EA:69:43:8A,2017-03-15 07:04:35.820000000,110.23,132.87,108.51,100.95,98.59,54.42
88:4A:EA:69:E1:72,2017-03-15 07:04:35.990000128,6139.69,11.2,37.83,16.15,52.12,28.0
88:4A:EA:69:42:9B,2017-03-15 07:04:36.060000000,94.42,94.38,94.09,94.41,94.79,51.66
88:4A:EA:69:43:8A,2017-03-15 07:04:36.350000128,97.69,97.73,97.63,97.7,97.71,42.6
88:4A:EA:69:42:9B,2017-03-15 07:04:36.580000000,94.4,94.78,94.08,94.43,94.31,55.75
88:4A:EA:69:43:8A,2017-03-15 07:04:36.870000128,108.72,97.62,97.54,103.71,136.0,51.12
88:4A:EA:69:E1:72,2017-03-15 07:04:37.040000000,1082.92,8.52,4.79,2.49,52.12,211.0
88:4A:EA:69:42:9B,2017-03-15 07:04:37.100000000,94.25,94.18,94.15,94.4,94.27,49.15
88:4A:EA:69:43:8A,2017-03-15 07:04:37.390000128,257.81,322.69,351.02,209.43,148.12,71.86
88:4A:EA:69:42:9B,2017-03-15 07:04:37.630000128,94.18,94.17,94.06,94.26,94.23,51.15
88:4A:EA:69:43:8A,2017-03-15 07:04:37.920000000,107.03,119.87,107.39,101.75,99.12,51.26
88:4A:EA:69:E1:72,2017-03-15 07:04:38.100000000,8826.79,36.31,21.81,31.21,52.12,33.0
88:4A:EA:69:42:9B,2017-03-15 07:04:38.150000128,94.22,94.26,94.18,94.15,94.29,47.73
88:4A:EA:69:43:8A,2017-03-15 07:04:38.440000000,97.73,98.2,97.8,97.45,97.48,43.18
88:4A:EA:69:42:9B,2017-03-15 07:04:38.670000128,94.43,94.25,94.28,94.25,94.97,53.64
88:4A:EA:69:43:8A,2017-03-15 07:04:38.960000000,97.61,97.58,97.73,97.59,97.53,44.25
88:4A:EA:69:E1:72,2017-03-15 07:04:39.180000000,1288.65,8.6,4.6,2.19,52.12,209.0
88:4A:EA:69:42:9B,2017-03-15 07:04:39.190000128,94.22,93.96,94.37,94.15,94.41,51.58
88:4A:EA:69:43:8A,2017-03-15 07:04:39.489999872,151.57,97.95,113.3,140.3,254.75,64.05
88:4A:EA:69:E1:72,2017-03-15 07:04:39.710000128,7590.91,12.1,9.15,15.68,52.12,29.0
88:4A:EA:69:42:9B,2017-03-15 07:04:39.720000000,94.2,94.2,94.18,94.19,94.21,47.11
88:4A:EA:69:43:8A,2017-03-15 07:04:40.009999872,138.35,157.03,198.8,99.1,98.46,62.79
88:4A:EA:69:E1:72,2017-03-15 07:04:40.120000000,3174.01,41.83,26.57,40.18,52.12,31.0
88:4A:EA:69:42:9B,2017-03-15 07:04:40.240000000,94.24,94.28,94.23,94.31,94.14,48.33
88:4A:EA:69:43:8A,2017-03-15 07:04:40.529999872,97.58,97.29,97.82,97.6,97.62,42.77
88:4A:EA:69:E1:72,2017-03-15 07:04:40.600000000,1361.91,8.92,4.93,2.4,52.12,210.0
88:4A:EA:69:42:9B,2017-03-15 07:04:40.760000000,94.52,94.83,94.3,94.57,94.39,54.94
88:4A:EA:69:43:8A,2017-03-15 07:04:41.049999872,105.15,97.55,97.78,101.94,123.32,49.74
88:4A:EA:69:E1:72,2017-03-15 07:04:41.129999872,1050.61,8.29,4.53,2.22,52.12,208.0
88:4A:EA:69:42:9B,2017-03-15 07:04:41.280000000,94.59,94.18,94.17,94.32,95.68,50.1
88:4A:EA:69:43:8A,2017-03-15 07:04:41.580000000,275.6,169.96,344.69,368.76,218.97,72.26
88:4A:EA:69:42:9B,2017-03-15 07:04:41.809999872,100.47,102.89,97.48,101.58,99.94,55.14
88:4A:EA:69:43:8A,2017-03-15 07:04:42.100000000,116.08,144.36,115.23,104.81,99.91,52.81
88:4A:EA:69:E1:72,2017-03-15 07:04:42.310000128,10429.9,29.43,13.96,26.85,52.12,29.0
88:4A:EA:69:42:9B,2017-03-15 07:04:42.329999872,95.52,94.96,96.36,94.35,96.42,57.15
88:4A:EA:69:43:8A,2017-03-15 07:04:42.630000128,97.86,98.42,97.87,97.51,97.65,42.7
88:4A:EA:69:42:9B,2017-03-15 07:04:42.849999872,94.35,94.29,94.54,94.47,94.1,51.42
88:4A:EA:69:43:8A,2017-03-15 07:04:43.150000128,176.06,100.2,116.07,127.22,360.75,64.7
88:4A:EA:69:E1:72,2017-03-15 07:04:43.350000128,1210.08,8.38,4.6,2.13,52.12,210.0
88:4A:EA:69:42:9B,2017-03-15 07:04:43.369999872,94.21,94.19,94.15,94.25,94.23,48.22
88:4A:EA:69:43:8A,2017-03-15 07:04:43.670000128,201.57,329.31,203.44,150.68,122.87,66.88
88:4A:EA:69:E1:72,2017-03-15 07:04:43.870000128,7789.3,12.47,29.72,16.06,52.12,30.0
88:4A:EA:69:42:9B,2017-03-15 07:04:43.900000000,94.2,94.19,94.25,94.03,94.31,48.47
88:4A:EA:69:43:8A,2017-03-15 07:04:44.190000128,102.35,108.98,102.53,99.52,98.38,48.35
88:4A:EA:69:E1:72,2017-03-15 07:04:44.320000000,1521.19,35.84,79.0,32.46,52.13,31.0
88:4A:EA:69:42:9B,2017-03-15 07:04:44.420000000,94.34,94.18,94.33,94.3,94.54,49.58
88:4A:EA:69:43:8A,2017-03-15 07:04:44.720000000,97.65,97.65,97.64,97.56,97.76,43.04
88:4A:EA:69:E1:72,2017-03-15 07:04:44.769999872,940.58,8.39,4.63,2.41,52.13,211.0
88:4A:EA:69:42:9B,2017-03-15 07:04:44.940000000,94.35,94.26,94.55,94.1,94.49,54.51
88:4A:EA:69:43:8A,2017-03-15 07:04:45.240000000,100.94,97.72,97.58,97.65,110.81,48.88
88:4A:EA:69:E1:72,2017-03-15 07:04:45.310000128,1128.98,8.74,4.63,2.18,52.13,209.0
88:4A:EA:69:42:9B,2017-03-15 07:04:45.470000128,94.3,94.26,94.25,94.32,94.37,48.93
88:4A:EA:69:43:8A,2017-03-15 07:04:45.760000000,178.89,138.71,239.32,161.85,175.67,71.5
88:4A:EA:69:E1:72,2017-03-15 07:04:45.820000000,51983.23,20.71,107.88,35.9,52.13,30.0
88:4A:EA:69:42:9B,2017-03-15 07:04:45.990000128,94.25,94.24,94.23,94.25,94.29,50.38
88:4A:EA:69:43:8A,2017-03-15 07:04:46.289999872,102.24,110.71,101.52,98.72,98.0,53.22
88:4A:EA:69:E1:72,2017-03-15 07:04:46.350000128,1795.57,59.2,15.35,23.24,52.13,28.0
88:4A:EA:69:42:9B,2017-03-15 07:04:46.510000128,94.49,94.43,94.3,94.42,94.8,54.01
88:4A:EA:69:43:8A,2017-03-15 07:04:46.809999872,97.6,97.4,97.66,97.68,97.66,43.46
88:4A:EA:69:E1:72,2017-03-15 07:04:46.889999872,1318.87,8.79,4.88,1.76,52.13,117.0
88:4A:EA:69:42:9B,2017-03-15 07:04:47.030000128,94.32,94.35,94.36,94.29,94.29,51.7
88:4A:EA:69:43:8A,2017-03-15 07:04:47.340000000,177.68,97.91,108.91,144.23,359.68,64.13
88:4A:EA:69:E1:72,2017-03-15 07:04:47.400000000,1170.66,8.59,4.86,2.21,52.13,211.0
88:4A:EA:69:42:9B,2017-03-15 07:04:47.560000000,94.16,94.17,94.14,94.23,94.11,47.6
88:4A:EA:69:43:8A,2017-03-15 07:04:47.860000000,192.3,319.19,204.3,132.56,113.16,65.99
88:4A:EA:69:E1:72,2017-03-15 07:04:47.969999872,5903.75,10.74,6.64,10.59,52.13,33.0
88:4A:EA:69:42:9B,2017-03-15 07:04:48.080000000,94.24,94.33,94.15,94.25,94.24,47.64
88:4A:EA:69:43:8A,2017-03-15 07:04:48.380000000,99.68,103.51,99.45,98.0,97.74,44.84
88:4A:EA:69:E1:72,2017-03-15 07:04:48.449999872,1550.44,18.58,15.08,25.31,52.13,29.0
88:4A:EA:69:42:9B,2017-03-15 07:04:48.600000000,94.63,94.53,94.28,95.09,94.6,54.92
88:4A:EA:69:43:8A,2017-03-15 07:04:48.910000128,97.72,97.72,97.7,97.57,97.86,39.11
88:4A:EA:69:E1:72,2017-03-15 07:04:48.969999872,1322.63,8.92,5.12,2.44,52.13,208.0
88:4A:EA:69:42:9B,2017-03-15 07:04:49.260000000,94.21,94.28,94.23,94.23,94.12,50.05
88:4A:EA:69:43:8A,2017-03-15 07:04:49.430000128,205.76,115.23,119.82,280.61,307.37,71.63
88:4A:EA:69:E1:72,2017-03-15 07:04:49.500000000,1247.88,8.48,4.88,2.09,52.13,209.0
88:4A:EA:69:42:9B,2017-03-15 07:04:49.790000128,94.27,94.28,94.34,94.15,94.31,47.58
88:4A:EA:69:43:8A,2017-03-15 07:04:49.950000128,153.62,236.81,156.24,115.27,106.15,62.5
88:4A:EA:69:E1:72,2017-03-15 07:04:50.020000000,28691.44,20.93,101.8,30.48,52.13,32.0
88:4A:EA:69:42:9B,2017-03-15 07:04:50.310000128,94.69,94.04,94.3,94.13,96.29,49.77
88:4A:EA:69:43:8A,2017-03-15 07:04:50.480000000,99.0,100.91,98.8,98.31,97.96,44.76
88:4A:EA:69:E1:72,2017-03-15 07:04:50.550000128,1346.81,12.83,7.73,8.19,52.13,35.0
88:4A:EA:69:42:9B,2017-03-15 07:04:50.830000128,101.17,101.6,94.7,105.32,103.07,56.2
88:4A:EA:69:43:8A,2017-03-15 07:04:51.009999872,97.67,97.63,97.63,97.65,97.79,44.41
88:4A:EA:69:E1:72,2017-03-15 07:04:51.070000128,971.12,8.26,4.54,2.17,52.13,210.0
88:4A:EA:69:42:9B,2017-03-15 07:04:51.350000128,95.56,95.7,96.04,95.71,94.78,55.81
88:4A:EA:69:43:8A,2017-03-15 07:04:51.529999872,125.16,97.68,102.47,123.36,177.15,57.81
88:4A:EA:69:E1:72,2017-03-15 07:04:51.569999872,1170.73,8.68,4.74,3.1,52.13,33.0
88:4A:EA:69:42:9B,2017-03-15 07:04:51.880000000,94.38,94.57,94.47,94.21,94.25,48.08
88:4A:EA:69:43:8A,2017-03-15 07:04:52.049999872,154.64,221.62,188.57,106.86,101.52,69.75
88:4A:EA:69:E1:72,2017-03-15 07:04:52.089999872,22165.15,44.41,28.16,40.99,52.14,30.0
88:4A:EA:69:42:9B,2017-03-15 07:04:52.400000000,94.2,94.3,94.26,94.3,93.94,48.33
88:4A:EA:69:43:8A,2017-03-15 07:04:52.569999872,98.04,99.03,97.66,97.72,97.76,46.43
88:4A:EA:69:E1:72,2017-03-15 07:04:52.620000000,1359.43,49.68,18.6,9.86,52.14,30.0
88:4A:EA:69:42:9B,2017-03-15 07:04:52.920000000,94.51,94.55,94.77,94.37,94.35,55.38
88:4A:EA:69:43:8A,2017-03-15 07:04:53.100000000,98.66,97.71,97.61,97.53,101.79,47.3
88:4A:EA:69:E1:72,2017-03-15 07:04:53.320000000,1274.72,8.56,4.82,2.09,52.14,208.0
88:4A:EA:69:42:9B,2017-03-15 07:04:53.449999872,94.3,94.36,94.41,94.12,94.31,48.23
88:4A:EA:69:43:8A,2017-03-15 07:04:53.620000000,232.5,123.93,214.82,327.69,263.57,71.25
88:4A:EA:69:E1:72,2017-03-15 07:04:53.670000128,1204.98,8.58,4.8,2.09,52.14,210.0
88:4A:EA:69:42:9B,2017-03-15 07:04:53.969999872,98.1,95.88,100.15,96.73,99.64,54.27
88:4A:EA:69:43:8A,2017-03-15 07:04:54.140000000,119.02,157.56,115.39,103.4,99.74,54.7
88:4A:EA:69:E1:72,2017-03-15 07:04:54.190000128,14467.44,16.2,11.17,24.65,52.14,28.0
88:4A:EA:69:42:9B,2017-03-15 07:04:54.489999872,97.66,101.89,96.77,96.74,95.22,55.32
88:4A:EA:69:43:8A,2017-03-15 07:04:54.670000128,97.84,98.22,97.87,97.61,97.67,40.84
88:4A:EA:69:E1:72,2017-03-15 07:04:54.720000000,1096.11,11.65,6.5,10.74,52.14,29.0
88:4A:EA:69:42:9B,2017-03-15 07:04:55.020000000,94.84,96.0,94.61,94.39,94.37,57.47
88:4A:EA:69:43:8A,2017-03-15 07:04:55.190000128,103.98,97.68,97.53,100.87,119.85,51.53
88:4A:EA:69:E1:72,2017-03-15 07:04:55.240000000,1199.83,8.43,4.65,2.17,52.14,210.0
88:4A:EA:69:42:9B,2017-03-15 07:04:55.540000000,94.32,94.35,94.38,94.18,94.38,49.58
88:4A:EA:69:43:8A,2017-03-15 07:04:55.710000128,251.45,180.16,323.26,314.79,187.59,71.87
88:4A:EA:69:E1:72,2017-03-15 07:04:55.769999872,6057.21,10.12,6.86,9.01,52.14,208.0
88:4A:EA:69:42:9B,2017-03-15 07:04:56.060000000,94.31,94.35,94.39,94.33,94.17,47.8
88:4A:EA:69:43:8A,2017-03-15 07:04:56.240000000,114.18,136.01,115.85,104.48,100.39,54.27
88:4A:EA:69:42:9B,2017-03-15 07:04:56.580000000,94.26,94.27,94.26,94.27,94.24,48.73
88:4A:EA:69:43:8A,2017-03-15 07:04:56.760000000,97.96,98.55,97.98,97.72,97.6,41.5
88:4A:EA:69:E1:72,2017-03-15 07:04:56.960000000,1206.74,8.26,4.76,4.39,52.14,31.0
88:4A:EA:69:42:9B,2017-03-15 07:04:57.100000000,94.31,94.19,94.15,94.37,94.54,55.02
88:4A:EA:69:43:8A,2017-03-15 07:04:57.289999872,98.85,97.59,97.71,97.69,102.42,47.32
88:4A:EA:69:E1:72,2017-03-15 07:04:57.489999872,1285.87,8.26,4.57,2.17,52.14,208.0
88:4A:EA:69:42:9B,2017-03-15 07:04:57.630000128,94.31,94.4,94.28,94.28,94.26,48.35
88:4A:EA:69:43:8A,2017-03-15 07:04:57.809999872,167.09,113.74,161.72,221.93,170.96,71.36
88:4A:EA:69:E1:72,2017-03-15 07:04:57.900000000,39230.7,37.35,34.04,38.83,52.14,31.0
88:4A:EA:69:42:9B,2017-03-15 07:04:58.150000128,94.28,94.25,94.27,94.21,94.38,47.58
88:4A:EA:69:43:8A,2017-03-15 07:04:58.329999872,102.09,111.26,100.24,99.18,97.7,55.52
88:4A:EA:69:42:9B,2017-03-15 07:04:58.670000128,94.53,94.43,94.33,94.39,94.97,51.63
88:4A:EA:69:43:8A,2017-03-15 07:04:58.860000000,97.7,97.68,97.83,97.71,97.57,40.63
88:4A:EA:69:E1:72,2017-03-15 07:04:59.020000000,1104.25,8.86,4.63,2.23,52.14,209.0
88:4A:EA:69:42:9B,2017-03-15 07:04:59.200000000,94.23,94.16,94.25,94.26,94.23,53.22
88:4A:EA:69:43:8A,2017-03-15 07:04:59.380000000,139.02,97.54,104.5,122.85,231.19,58.76
88:4A:EA:69:42:9B,2017-03-15 07:04:59.720000000,94.28,94.42,94.26,94.13,94.3,48.2
88:4A:EA:69:43:8A,2017-03-15 07:04:59.900000000,201.68,319.05,236.19,140.51,110.95,68.13
88:4A:EA:69:E1:72,2017-03-15 07:05:00.060000000,5920.13,10.32,7.09,8.13,52.14,208.0
88:4A:EA:69:42:9B,2017-03-15 07:05:00.240000000,94.2,94.31,94.17,94.24,94.1,49.05
88:4A:EA:69:43:8A,2017-03-15 07:05:00.430000128,99.38,102.65,99.28,97.8,97.78,45.58
88:4A:EA:69:42:9B,2017-03-15 07:05:00.760000000,98.08,94.33,101.89,97.99,98.12,58.0
88:4A:EA:69:43:8A,2017-03-15 07:05:00.950000128,100.01,97.76,97.65,97.53,107.11,46.19
88:4A:EA:69:E1:72,2017-03-15 07:05:01.129999872,1181.62,8.35,5.15,3.61,52.14,30.0
88:4A:EA:69:42:9B,2017-03-15 07:05:01.289999872,98.52,105.63,96.93,95.52,96.02,55.6
88:4A:EA:69:43:8A,2017-03-15 07:05:01.470000128,238.45,130.88,238.67,327.77,256.46,72.72
88:4A:EA:69:42:9B,2017-03-15 07:05:01.809999872,94.57,95.03,94.67,94.38,94.21,48.8
88:4A:EA:69:43:8A,2017-03-15 07:05:02.000000000,131.01,176.25,129.35,113.84,104.61,57.62
88:4A:EA:69:E1:72,2017-03-15 07:05:02.129999872,29465.65,21.16,19.03,34.31,52.14,31.0
88:4A:EA:69:42:9B,2017-03-15 07:05:02.329999872,94.25,94.23,94.3,94.24,94.24,46.98
88:4A:EA:69:43:8A,2017-03-15 07:05:02.520000000,98.45,100.05,98.27,97.78,97.71,43.31
88:4A:EA:69:42:9B,2017-03-15 07:05:02.849999872,94.31,94.27,94.3,94.53,94.14,49.88
88:4A:EA:69:43:8A,2017-03-15 07:05:03.049999872,97.65,97.61,97.63,97.7,97.64,43.41
88:4A:EA:69:E1:72,2017-03-15 07:05:03.200000000,1132.92,8.88,4.66,2.06,52.15,209.0
88:4A:EA:69:42:9B,2017-03-15 07:05:03.380000000,94.28,94.27,94.36,94.27,94.2,53.32
88:4A:EA:69:43:8A,2017-03-15 07:05:03.569999872,117.35,97.57,103.81,127.01,141.01,56.82
88:4A:EA:69:E1:72,2017-03-15 07:05:03.729999872,6794.92,10.23,7.21,14.39,52.15,27.0
88:4A:EA:69:42:9B,2017-03-15 07:05:03.900000000,94.26,94.04,94.42,94.39,94.18,48.08
88:4A:EA:69:43:8A,2017-03-15 07:05:04.089999872,165.7,195.74,258.37,106.96,101.74,68.19
88:4A:EA:69:E1:72,2017-03-15 07:05:04.120000000,2792.63,26.06,25.52,40.69,52.15,28.0
88:4A:EA:69:42:9B,2017-03-15 07:05:04.420000000,94.27,94.32,94.12,94.34,94.29,49.09
88:4A:EA:69:43:8A,2017-03-15 07:05:04.609999872,98.44,100.17,98.25,97.71,97.63,47.44
88:4A:EA:69:E1:72,2017-03-15 07:05:04.649999872,1404.52,9.32,5.37,3.31,52.15,29.0
88:4A:EA:69:42:9B,2017-03-15 07:05:04.950000128,94.4,93.98,95.11,94.33,94.19,56.01
88:4A:EA:69:43:8A,2017-03-15 07:05:05.140000000,101.07,97.66,97.58,97.67,111.36,48.81
88:4A:EA:69:E1:72,2017-03-15 07:05:05.190000128,1097.4,8.49,4.76,2.08,52.15,211.0
88:4A:EA:69:42:9B,2017-03-15 07:05:05.470000128,94.35,94.3,94.51,94.35,94.23,50.07
88:4A:EA:69:43:8A,2017-03-15 07:05:05.660000000,261.69,132.85,336.16,315.92,261.82,71.97
88:4A:EA:69:42:9B,2017-03-15 07:05:05.990000128,94.32,94.21,94.34,94.36,94.37,50.29
88:4A:EA:69:43:8A,2017-03-15 07:05:06.190000128,125.0,159.19,127.16,110.76,102.88,56.24
88:4A:EA:69:E1:72,2017-03-15 07:05:06.329999872,4073.17,72.7,15.08,27.02,52.15,28.0
88:4A:EA:69:42:9B,2017-03-15 07:05:06.510000128,100.51,98.27,104.25,94.82,104.69,58.6
88:4A:EA:69:43:8A,2017-03-15 07:05:06.710000128,98.2,99.67,97.93,97.64,97.54,42.58
88:4A:EA:69:E1:72,2017-03-15 07:05:06.849999872,1469.95,10.11,5.62,2.77,52.15,208.0
88:4A:EA:69:42:9B,2017-03-15 07:05:07.040000000,96.4,96.86,96.72,96.93,95.09,55.59
88:4A:EA:69:43:8A,2017-03-15 07:05:07.240000000,164.19,97.7,111.75,125.64,321.65,64.11
88:4A:EA:69:E1:72,2017-03-15 07:05:07.280000000,1560.95,9.0,4.92,2.49,52.15,209.0
88:4A:EA:69:42:9B,2017-03-15 07:05:07.560000000,94.35,94.69,94.13,94.33,94.25,50.13
88:4A:EA:69:43:8A,2017-03-15 07:05:07.760000000,270.56,380.05,335.07,216.41,150.72,67.72
88:4A:EA:69:E1:72,2017-03-15 07:05:07.800000000,35087.88,37.02,31.41,31.83,52.15,28.0
88:4A:EA:69:42:9B,2017-03-15 07:05:08.080000000,94.4,94.54,94.24,94.5,94.32,48.44
88:4A:EA:69:43:8A,2017-03-15 07:05:08.280000000,106.81,120.07,107.19,101.15,98.82,49.95
88:4A:EA:69:E1:72,2017-03-15 07:05:08.300000000,1380.95,15.3,41.33,17.8,52.15,31.0
88:4A:EA:69:42:9B,2017-03-15 07:05:08.600000000,94.26,94.3,94.3,94.28,94.18,50.21
88:4A:EA:69:43:8A,2017-03-15 07:05:08.809999872,97.83,98.13,97.63,97.71,97.83,43.04
88:4A:EA:69:E1:72,2017-03-15 07:05:08.860000000,1180.87,8.25,4.36,2.04,52.15,210.0
88:4A:EA:69:42:9B,2017-03-15 07:05:09.129999872,94.43,94.45,94.5,94.41,94.35,55.26
88:4A:EA:69:43:8A,2017-03-15 07:05:09.329999872,108.24,97.62,97.62,107.0,130.72,53.77
88:4A:EA:69:E1:72,2017-03-15 07:05:09.340000000,1117.86,8.89,4.7,2.26,52.15,208.0
88:4A:EA:69:42:9B,2017-03-15 07:05:09.649999872,96.4,94.34,95.27,97.46,98.53,53.66
88:4A:EA:69:43:8A,2017-03-15 07:05:09.849999872,148.42,164.3,162.84,160.21,106.35,70.77
88:4A:EA:69:E1:72,2017-03-15 07:05:09.910000128,45595.63,38.83,23.93,37.86,52.15,29.0
88:4A:EA:69:42:9B,2017-03-15 07:05:10.169999872,99.16,103.27,102.77,95.27,95.35,56.23
88:4A:EA:69:E1:72,2017-03-15 07:05:10.380000000,1374.94,16.26,8.84,20.1,52.15,28.0
88:4A:EA:69:43:8A,2017-03-15 07:05:10.380000000,98.38,99.54,98.55,97.82,97.6,48.68
88:4A:EA:69:42:9B,2017-03-15 07:05:10.700000000,94.86,95.51,95.72,93.9,94.31,56.41
88:4A:EA:69:43:8A,2017-03-15 07:05:10.900000000,99.91,97.77,97.68,97.62,106.58,46.22
88:4A:EA:69:E1:72,2017-03-15 07:05:10.950000128,1254.41,8.87,4.72,3.23,52.15,31.0
88:4A:EA:69:42:9B,2017-03-15 07:05:11.220000000,94.31,94.26,94.37,94.35,94.24,49.88
88:4A:EA:69:43:8A,2017-03-15 07:05:11.420000000,243.59,122.82,224.26,364.61,262.65,73.9
88:4A:EA:69:E1:72,2017-03-15 07:05:11.440000000,1344.34,8.57,4.88,2.09,52.16,210.0
88:4A:EA:69:42:9B,2017-03-15 07:05:11.740000000,94.22,94.28,94.13,94.28,94.21,48.76
88:4A:EA:69:43:8A,2017-03-15 07:05:11.950000128,138.95,195.77,139.03,115.75,105.24,58.18
88:4A:EA:69:E1:72,2017-03-15 07:05:11.969999872,4551.6,9.98,6.45,7.37,52.15,211.0
88:4A:EA:69:42:9B,2017-03-15 07:05:12.260000000,94.28,94.41,94.33,94.18,94.22,49.07
88:4A:EA:69:43:8A,2017-03-15 07:05:12.470000128,98.5,100.24,98.39,97.66,97.7,45.34
88:4A:EA:69:E1:72,2017-03-15 07:05:12.489999872,1979.92,47.84,23.82,19.91,52.16,31.0
88:4A:EA:69:42:9B,2017-03-15 07:05:12.790000128,94.52,94.25,95.19,94.34,94.3,55.2
88:4A:EA:69:43:8A,2017-03-15 07:05:13.000000000,99.92,97.67,97.62,97.68,106.7,49.75
88:4A:EA:69:E1:72,2017-03-15 07:05:13.030000128,1123.51,8.89,5.44,2.86,52.16,210.0
88:4A:EA:69:42:9B,2017-03-15 07:05:13.310000128,98.38,94.22,96.42,104.13,98.74,55.04
88:4A:EA:69:43:8A,2017-03-15 07:05:13.520000000,234.06,131.17,257.66,297.28,250.11,72.09
88:4A:EA:69:E1:72,2017-03-15 07:05:13.540000000,1342.34,8.53,4.72,2.03,52.16,208.0
88:4A:EA:69:42:9B,2017-03-15 07:05:13.830000128,99.12,101.57,101.4,96.11,97.42,54.61
88:4A:EA:69:43:8A,2017-03-15 07:05:14.040000000,119.62,142.32,123.36,110.59,102.21,58.6
88:4A:EA:69:E1:72,2017-03-15 07:05:14.100000000,27638.95,18.3,72.21,28.37,52.16,30.0
88:4A:EA:69:42:9B,2017-03-15 07:05:14.350000128,94.87,96.45,94.65,94.2,94.17,55.3
88:4A:EA:69:43:8A,2017-03-15 07:05:14.569999872,98.09,99.17,97.83,97.66,97.69,44.2
88:4A:EA:69:E1:72,2017-03-15 07:05:14.580000000,1501.86,16.19,10.64,17.42,52.16,29.0
88:4A:EA:69:42:9B,2017-03-15 07:05:14.880000000,94.25,94.28,94.34,94.16,94.22,50.7
88:4A:EA:69:43:8A,2017-03-15 07:05:15.089999872,97.74,97.75,97.75,97.71,97.74,44.95
88:4A:EA:69:E1:72,2017-03-15 07:05:15.120000000,1334.9,8.26,4.51,2.09,52.16,208.0
88:4A:EA:69:42:9B,2017-03-15 07:05:15.400000000,94.32,94.64,94.06,94.3,94.26,53.87
88:4A:EA:69:43:8A,2017-03-15 07:05:15.620000000,130.82,97.64,105.55,123.67,196.41,58.33
88:4A:EA:69:E1:72,2017-03-15 07:05:15.649999872,6403.75,10.64,7.43,13.42,52.16,31.0
88:4A:EA:69:42:9B,2017-03-15 07:05:15.920000000,94.26,94.25,94.24,94.25,94.31,48.75
88:4A:EA:69:43:8A,2017-03-15 07:05:16.140000000,213.62,311.79,245.07,171.89,125.72,68.45
88:4A:EA:69:42:9B,2017-03-15 07:05:16.449999872,94.25,94.23,94.25,94.32,94.2,49.28
88:4A:EA:69:43:8A,2017-03-15 07:05:16.660000000,102.35,109.94,102.37,98.82,98.25,48.57
88:4A:EA:69:E1:72,2017-03-15 07:05:16.790000128,1029.2,8.49,4.8,2.39,52.16,209.0
88:4A:EA:69:42:9B,2017-03-15 07:05:16.969999872,94.4,94.3,94.63,94.33,94.32,55.62
88:4A:EA:69:43:8A,2017-03-15 07:05:17.190000128,99.16,97.82,97.62,97.59,103.6,47.68
88:4A:EA:69:42:9B,2017-03-15 07:05:17.489999872,94.24,94.23,94.29,94.16,94.28,49.29
88:4A:EA:69:43:8A,2017-03-15 07:05:17.710000128,228.07,113.19,200.4,364.26,234.43,71.75
88:4A:EA:69:E1:72,2017-03-15 07:05:17.820000000,1545.2,8.91,4.9,2.24,52.16,208.0
88:4A:EA:69:42:9B,2017-03-15 07:05:18.009999872,94.27,94.23,94.21,94.37,94.25,48.8
88:4A:EA:69:43:8A,2017-03-15 07:05:18.230000128,117.33,150.46,114.1,104.97,99.78,56.83
88:4A:EA:69:E1:72,2017-03-15 07:05:18.340000000,8659.07,29.31,56.78,24.12,52.16,28.0
88:4A:EA:69:42:9B,2017-03-15 07:05:18.540000000,94.44,94.36,94.15,93.98,95.27,53.4
88:4A:EA:69:E1:72,2017-03-15 07:05:18.740000000,1241.18,9.55,5.66,7.27,52.16,32.0
88:4A:EA:69:43:8A,2017-03-15 07:05:18.760000000,97.69,97.83,97.68,97.56,97.71,43.11
88:4A:EA:69:42:9B,2017-03-15 07:05:19.060000000,94.36,94.75,94.18,94.19,94.32,53.32
88:4A:EA:69:43:8A,2017-03-15 07:05:19.280000000,202.7,101.42,123.1,202.62,383.67,67.64
88:4A:EA:69:E1:72,2017-03-15 07:05:19.280000000,1069.77,8.5,4.55,2.1,52.17,209.0
88:4A:EA:69:42:9B,2017-03-15 07:05:19.580000000,94.26,94.22,94.22,94.35,94.24,49.04
88:4A:EA:69:E1:72,2017-03-15 07:05:19.800000000,9981.6,13.32,64.75,18.37,52.16,29.0
88:4A:EA:69:43:8A,2017-03-15 07:05:19.809999872,228.72,354.59,263.34,165.98,130.98,65.48
88:4A:EA:69:42:9B,2017-03-15 07:05:20.100000000,95.49,94.21,94.11,94.13,99.49,52.6
88:4A:EA:69:43:8A,2017-03-15 07:05:20.329999872,102.56,110.66,102.45,99.16,97.98,49.02
88:4A:EA:69:42:9B,2017-03-15 07:05:20.630000128,100.09,100.74,95.79,106.61,97.23,55.84
88:4A:EA:69:43:8A,2017-03-15 07:05:20.849999872,97.69,97.72,97.55,97.65,97.85,44.02
88:4A:EA:69:E1:72,2017-03-15 07:05:21.000000000,986.51,8.52,4.78,2.19,52.16,209.0
88:4A:EA:69:42:9B,2017-03-15 07:05:21.150000128,95.02,95.13,95.34,95.05,94.54,55.9
88:4A:EA:69:43:8A,2017-03-15 07:05:21.380000000,105.39,97.54,97.58,102.17,124.28,51.57
88:4A:EA:69:42:9B,2017-03-15 07:05:21.670000128,94.24,94.24,94.46,94.01,94.24,50.59
88:4A:EA:69:43:8A,2017-03-15 07:05:21.900000000,197.02,163.8,271.21,195.21,157.86,70.62
88:4A:EA:69:E1:72,2017-03-15 07:05:22.049999872,7883.0,42.6,25.33,41.7,52.16,30.0
88:4A:EA:69:42:9B,2017-03-15 07:05:22.190000128,94.3,94.41,94.39,94.1,94.31,49.53
88:4A:EA:69:43:8A,2017-03-15 07:05:22.420000000,106.52,121.53,106.27,100.04,98.23,52.52
88:4A:EA:69:E1:72,2017-03-15 07:05:22.569999872,1734.46,11.42,5.59,2.36,52.17,117.0
88:4A:EA:69:42:9B,2017-03-15 07:05:22.720000000,94.38,94.17,94.39,93.83,95.15,55.25
88:4A:EA:69:E1:72,2017-03-15 07:05:22.950000128,1348.61,8.93,4.67,2.13,52.17,211.0
88:4A:EA:69:43:8A,2017-03-15 07:05:22.950000128,97.6,97.73,97.55,97.52,97.59,39.28
88:4A:EA:69:42:9B,2017-03-15 07:05:23.240000000,94.23,94.12,94.29,94.28,94.23,51.51
88:4A:EA:69:43:8A,2017-03-15 07:05:23.470000128,211.6,108.79,142.01,293.88,301.74,71.33
88:4A:EA:69:42:9B,2017-03-15 07:05:23.760000000,94.27,94.32,94.29,94.23,94.25,48.49
88:4A:EA:69:43:8A,2017-03-15 07:05:23.990000128,140.4,215.63,133.95,109.61,102.42,62.71
88:4A:EA:69:E1:72,2017-03-15 07:05:24.110000128,12289.2,17.04,11.59,25.2,52.17,30.0
88:4A:EA:69:42:9B,2017-03-15 07:05:24.280000000,94.25,94.19,94.26,94.22,94.34,49.72
88:4A:EA:69:43:8A,2017-03-15 07:05:24.520000000,98.1,99.33,97.93,97.61,97.55,43.84
88:4A:EA:69:42:9B,2017-03-15 07:05:24.809999872,94.65,95.81,94.11,94.36,94.33,56.81
88:4A:EA:69:43:8A,2017-03-15 07:05:25.040000000,121.01,97.68,104.96,118.69,162.72,57.42
88:4A:EA:69:E1:72,2017-03-15 07:05:25.160000000,1317.11,8.56,4.71,2.1,52.17,209.0
88:4A:EA:69:42:9B,2017-03-15 07:05:25.329999872,94.27,94.19,94.27,94.29,94.31,49.17
88:4A:EA:69:43:8A,2017-03-15 07:05:25.569999872,292.78,377.6,370.88,255.77,166.85,71.51
88:4A:EA:69:42:9B,2017-03-15 07:05:25.849999872,94.26,94.12,94.27,94.41,94.21,47.8
88:4A:EA:69:43:8A,2017-03-15 07:05:26.089999872,107.55,122.5,108.1,101.23,98.36,51.79
88:4A:EA:69:E1:72,2017-03-15 07:05:26.200000000,7136.66,75.05,22.09,38.21,52.17,28.0
88:4A:EA:69:42:9B,2017-03-15 07:05:26.380000000,94.3,94.34,94.22,94.2,94.44,49.38
88:4A:EA:69:43:8A,2017-03-15 07:05:26.609999872,97.67,97.83,97.69,97.61,97.54,40.78
88:4A:EA:69:E1:72,2017-03-15 07:05:26.720000000,1198.53,9.59,4.97,3.62,52.17,30.0
88:4A:EA:69:42:9B,2017-03-15 07:05:26.900000000,94.35,94.21,94.48,94.34,94.35,54.62
88:4A:EA:69:E1:72,2017-03-15 07:05:27.120000000,1169.92,8.85,4.71,2.15,52.17,211.0
88:4A:EA:69:43:8A,2017-03-15 07:05:27.140000000,105.72,97.7,97.68,102.4,125.08,55.14
88:4A:EA:69:42:9B,2017-03-15 07:05:27.420000000,94.3,94.16,94.36,94.3,94.36,48.8
88:4A:EA:69:E1:72,2017-03-15 07:05:27.640000000,6347.28,11.64,8.94,14.82,52.17,29.0
88:4A:EA:69:43:8A,2017-03-15 07:05:27.660000000,163.82,151.05,231.92,167.11,105.19,71.24
88:4A:EA:69:42:9B,2017-03-15 07:05:27.940000000,94.32,94.28,94.27,94.21,94.51,46.73
88:4A:EA:69:E1:72,2017-03-15 07:05:28.169999872,2896.35,71.06,68.17,40.28,52.17,30.0
88:4A:EA:69:43:8A,2017-03-15 07:05:28.180000000,97.93,98.47,98.14,97.48,97.61,46.91
88:4A:EA:69:42:9B,2017-03-15 07:05:28.470000128,96.66,94.3,94.27,95.06,103.0,51.76
88:4A:EA:69:43:8A,2017-03-15 07:05:28.710000128,97.61,97.65,97.61,97.59,97.61,39.41
88:4A:EA:69:E1:72,2017-03-15 07:05:28.740000000,1148.21,9.5,5.04,2.91,52.17,208.0
88:4A:EA:69:42:9B,2017-03-15 07:05:28.990000128,99.38,98.45,99.31,102.11,97.65,59.38
88:4A:EA:69:E1:72,2017-03-15 07:05:29.230000128,1396.87,9.05,4.94,2.08,52.17,209.0
88:4A:EA:69:43:8A,2017-03-15 07:05:29.230000128,122.23,97.57,99.06,111.24,181.07,55.99
88:4A:EA:69:42:9B,2017-03-15 07:05:29.510000128,95.09,95.57,96.09,94.47,94.21,52.81
88:4A:EA:69:43:8A,2017-03-15 07:05:29.750000128,213.04,312.57,298.06,135.14,106.4,70.23
88:4A:EA:69:42:9B,2017-03-15 07:05:30.030000128,94.31,94.31,94.42,94.23,94.3,48.6
88:4A:EA:69:43:8A,2017-03-15 07:05:30.270000128,98.35,99.8,98.32,97.77,97.53,46.24
88:4A:EA:69:E1:72,2017-03-15 07:05:30.369999872,13719.92,16.28,10.68,21.96,52.18,28.0
88:4A:EA:69:42:9B,2017-03-15 07:05:30.560000000,94.54,94.26,94.36,93.29,96.26,53.57
88:4A:EA:69:43:8A,2017-03-15 07:05:30.800000000,97.66,97.67,97.79,97.64,97.53,41.01
88:4A:EA:69:42:9B,2017-03-15 07:05:31.080000000,94.33,94.45,94.26,94.23,94.37,51.57
88:4A:EA:69:43:8A,2017-03-15 07:05:31.320000000,226.16,108.27,126.5,276.12,393.75,72.72
88:4A:EA:69:E1:72,2017-03-15 07:05:31.409999872,1386.51,8.91,4.93,3.22,52.17,30.0
88:4A:EA:69:42:9B,2017-03-15 07:05:31.600000000,94.21,94.0,94.28,94.18,94.39,46.81
88:4A:EA:69:43:8A,2017-03-15 07:05:31.840000000,194.94,312.43,213.85,139.07,114.43,63.88
88:4A:EA:69:E1:72,2017-03-15 07:05:31.940000000,7217.58,10.66,7.23,12.18,52.17,33.0
88:4A:EA:69:42:9B,2017-03-15 07:05:32.120000000,94.26,94.13,94.14,94.53,94.26,47.68
88:4A:EA:69:E1:72,2017-03-15 07:05:32.350000128,2520.16,37.11,72.36,31.71,52.18,31.0
88:4A:EA:69:43:8A,2017-03-15 07:05:32.369999872,99.93,103.96,99.81,98.19,97.78,46.44
88:4A:EA:69:42:9B,2017-03-15 07:05:32.649999872,94.33,94.51,94.25,94.22,94.36,47.54
88:4A:EA:69:43:8A,2017-03-15 07:05:32.900000000,97.63,97.55,97.58,97.64,97.76,43.98
88:4A:EA:69:42:9B,2017-03-15 07:05:33.169999872,94.37,94.07,94.54,94.24,94.65,56.72
88:4A:EA:69:43:8A,2017-03-15 07:05:33.420000000,98.48,97.64,97.58,97.56,101.15,45.66
88:4A:EA:69:E1:72,2017-03-15 07:05:33.529999872,1170.73,8.35,4.5,2.11,52.18,209.0
88:4A:EA:69:42:9B,2017-03-15 07:05:33.689999872,99.52,100.27,98.48,95.38,103.95,56.69
88:4A:EA:69:43:8A,2017-03-15 07:05:33.940000000,191.68,122.71,161.97,244.64,237.38,70.47
88:4A:EA:69:E1:72,2017-03-15 07:05:34.049999872,45271.9,20.17,94.12,35.71,52.18,29.0
88:4A:EA:69:42:9B,2017-03-15 07:05:34.220000000,95.73,97.74,95.7,94.93,94.53,52.38
88:4A:EA:69:E1:72,2017-03-15 07:05:34.440000000,1429.9,32.06,44.36,25.81,52.18,31.0
88:4A:EA:69:43:8A,2017-03-15 07:05:34.470000128,107.94,122.68,108.23,101.91,98.93,53.13
88:4A:EA:69:42:9B,2017-03-15 07:05:34.740000000,94.33,94.37,94.17,94.58,94.21,52.63
88:4A:EA:69:E1:72,2017-03-15 07:05:34.960000000,1007.51,9.36,4.78,1.76,52.18,117.0
88:4A:EA:69:42:9B,2017-03-15 07:05:35.260000000,94.32,94.45,94.41,94.27,94.17,52.96
88:4A:EA:69:43:8A,2017-03-15 07:05:35.289999872,97.7,97.79,97.66,97.72,97.63,41.07
88:4A:EA:69:E1:72,2017-03-15 07:05:35.500000000,1468.42,9.01,4.95,2.18,52.18,211.0
88:4A:EA:69:43:8A,2017-03-15 07:05:35.550000128,192.44,101.72,118.0,176.95,373.08,67.32
88:4A:EA:69:42:9B,2017-03-15 07:05:35.780000000,94.26,94.38,94.15,94.27,94.26,46.56
88:4A:EA:69:E1:72,2017-03-15 07:05:36.000000000,6956.67,10.63,7.2,15.62,52.18,27.0
88:4A:EA:69:43:8A,2017-03-15 07:05:36.070000128,167.31,275.84,166.32,119.41,107.67,64.78
88:4A:EA:69:42:9B,2017-03-15 07:05:36.310000128,94.27,94.3,94.24,94.2,94.34,47.45
88:4A:EA:69:E1:72,2017-03-15 07:05:36.529999872,1578.34,17.66,11.68,24.31,52.18,31.0
88:4A:EA:69:43:8A,2017-03-15 07:05:36.590000128,98.47,100.29,98.05,97.76,97.79,45.37
88:4A:EA:69:42:9B,2017-03-15 07:05:36.830000128,94.54,93.98,94.54,95.25,94.38,54.86
88:4A:EA:69:E1:72,2017-03-15 07:05:37.049999872,1055.04,8.83,4.82,3.42,52.18,31.0
88:4A:EA:69:43:8A,2017-03-15 07:05:37.120000000,98.78,97.58,97.57,97.69,102.29,44.4
88:4A:EA:69:42:9B,2017-03-15 07:05:37.350000128,94.31,94.37,94.1,94.48,94.3,50.81
88:4A:EA:69:E1:72,2017-03-15 07:05:37.569999872,1180.53,8.87,4.75,2.06,52.18,209.0
88:4A:EA:69:43:8A,2017-03-15 07:05:37.640000000,248.95,112.2,213.48,339.84,330.26,71.16
88:4A:EA:69:42:9B,2017-03-15 07:05:37.870000128,94.51,94.34,94.37,94.26,95.09,49.19
88:4A:EA:69:E1:72,2017-03-15 07:05:38.100000000,17949.24,40.32,21.68,36.06,52.18,29.0
88:4A:EA:69:43:8A,2017-03-15 07:05:38.160000000,136.47,205.81,129.77,108.58,101.73,59.03
88:4A:EA:69:42:9B,2017-03-15 07:05:38.400000000,100.63,99.04,98.98,100.14,104.35,55.1
88:4A:EA:69:E1:72,2017-03-15 07:05:38.620000000,1020.16,9.68,5.62,10.65,52.18,29.0
88:4A:EA:69:43:8A,2017-03-15 07:05:38.689999872,97.91,98.73,97.65,97.58,97.67,42.87
88:4A:EA:69:42:9B,2017-03-15 07:05:38.920000000,95.71,96.74,95.54,96.43,94.14,55.26
88:4A:EA:69:E1:72,2017-03-15 07:05:39.150000128,1250.79,8.78,4.7,2.16,52.18,209.0
88:4A:EA:69:43:8A,2017-03-15 07:05:39.209999872,97.62,97.55,97.58,97.88,97.48,44.29
88:4A:EA:69:42:9B,2017-03-15 07:05:39.440000000,94.6,95.54,94.18,94.34,94.35,52.04
88:4A:EA:69:E1:72,2017-03-15 07:05:39.700000000,6786.79,10.34,7.05,12.75,52.18,30.0
88:4A:EA:69:43:8A,2017-03-15 07:05:39.740000000,162.55,107.76,124.14,186.99,231.31,67.99
88:4A:EA:69:42:9B,2017-03-15 07:05:39.969999872,94.28,94.35,94.14,94.3,94.31,49.64
88:4A:EA:69:43:8A,2017-03-15 07:05:40.260000000,130.49,202.63,115.02,103.9,100.4,61.77
88:4A:EA:69:42:9B,2017-03-15 07:05:40.489999872,94.23,93.97,94.32,94.2,94.42,49.58
88:4A:EA:69:43:8A,2017-03-15 07:05:40.780000000,97.77,98.16,97.55,97.7,97.67,42.69
88:4A:EA:69:E1:72,2017-03-15 07:05:40.830000128,1396.94,9.32,5.25,3.06,52.19,210.0
88:4A:EA:69:42:9B,2017-03-15 07:05:41.009999872,94.34,93.42,95.36,94.38,94.22,55.55
88:4A:EA:69:43:8A,2017-03-15 07:05:41.310000128,110.08,97.69,97.62,108.64,136.39,52.02
88:4A:EA:69:42:9B,2017-03-15 07:05:41.529999872,94.28,94.19,94.38,94.21,94.34,49.94
88:4A:EA:69:43:8A,2017-03-15 07:05:41.830000128,198.64,277.63,213.19,191.48,112.25,71.31
88:4A:EA:69:E1:72,2017-03-15 07:05:41.880000000,1320.83,9.21,4.97,2.14,52.18,209.0
88:4A:EA:69:42:9B,2017-03-15 07:05:42.060000000,94.27,94.22,94.32,94.31,94.24,49.74
88:4A:EA:69:43:8A,2017-03-15 07:05:42.350000128,98.68,100.99,98.04,97.91,97.78,45.8
88:4A:EA:69:42:9B,2017-03-15 07:05:42.580000000,94.67,94.46,94.0,94.44,95.76,52.65
88:4A:EA:69:43:8A,2017-03-15 07:05:42.880000000,97.58,97.51,97.52,97.62,97.68,39.7
88:4A:EA:69:E1:72,2017-03-15 07:05:42.900000000,1150.4,9.22,4.89,2.1,52.19,208.0
88:4A:EA:69:42:9B,2017-03-15 07:05:43.100000000,96.73,93.64,94.63,98.66,100.0,56.85
88:4A:EA:69:43:8A,2017-03-15 07:05:43.400000000,183.26,99.38,122.05,196.74,314.88,65.88
88:4A:EA:69:E1:72,2017-03-15 07:05:43.420000000,14876.02,32.34,23.3,29.62,52.19,29.0
88:4A:EA:69:42:9B,2017-03-15 07:05:43.620000000,98.04,95.66,105.73,95.93,94.86,55.15
88:4A:EA:69:E1:72,2017-03-15 07:05:43.830000128,1570.03,10.67,6.17,4.97,52.19,29.0
88:4A:EA:69:43:8A,2017-03-15 07:05:43.929999872,193.35,308.31,211.21,138.07,115.83,65.72
88:4A:EA:69:42:9B,2017-03-15 07:05:44.150000128,94.79,94.98,95.06,94.78,94.34,52.72
88:4A:EA:69:E1:72,2017-03-15 07:05:44.369999872,1361.28,8.89,4.91,2.1,52.19,208.0
88:4A:EA:69:43:8A,2017-03-15 07:05:44.449999872,100.0,104.1,99.7,98.44,97.74,47.26
88:4A:EA:69:42:9B,2017-03-15 07:05:44.670000128,94.29,94.32,94.28,94.39,94.18,48.18
88:4A:EA:69:E1:72,2017-03-15 07:05:44.889999872,20257.97,16.49,12.1,24.72,52.19,29.0
88:4A:EA:69:43:8A,2017-03-15 07:05:44.969999872,97.6,97.66,97.55,97.55,97.62,43.93
88:4A:EA:69:42:9B,2017-03-15 07:05:45.190000128,94.26,94.42,94.18,94.12,94.32,47.99
88:4A:EA:69:43:8A,2017-03-15 07:05:45.500000000,97.58,97.64,97.55,97.6,97.52,40.46
88:4A:EA:69:42:9B,2017-03-15 07:05:45.710000128,94.31,94.15,94.23,94.38,94.47,48.86
88:4A:EA:69:43:8A,2017-03-15 07:05:46.020000000,97.52,97.58,97.45,97.55,97.51,40.77
88:4A:EA:69:E1:72,2017-03-15 07:05:46.040000000,995.07,8.17,4.38,2.21,52.19,209.0
88:4A:EA:69:42:9B,2017-03-15 07:05:46.240000000,94.32,94.32,94.87,93.87,94.21,54.6
88:4A:EA:69:43:8A,2017-03-15 07:05:46.540000000,111.12,97.59,97.52,109.29,140.1,52.61
88:4A:EA:69:42:9B,2017-03-15 07:05:46.760000000,94.27,94.27,94.4,94.15,94.25,48.45
88:4A:EA:69:43:8A,2017-03-15 07:05:47.060000000,166.24,209.78,194.3,160.34,100.55,69.75
88:4A:EA:69:E1:72,2017-03-15 07:05:47.100000000,8694.18,12.36,9.25,18.12,52.19,27.0
88:4A:EA:69:42:9B,2017-03-15 07:05:47.280000000,94.26,94.31,94.16,94.28,94.29,50.92
88:4A:EA:69:43:8A,2017-03-15 07:05:47.590000128,97.74,97.75,97.79,97.84,97.59,47.4
88:4A:EA:69:42:9B,2017-03-15 07:05:47.809999872,94.41,94.06,94.29,94.71,94.59,54.67
88:4A:EA:69:43:8A,2017-03-15 07:05:48.110000128,99.32,97.68,97.71,97.55,104.34,44.93
88:4A:EA:69:E1:72,2017-03-15 07:05:48.140000000,1414.13,9.01,4.7,2.7,52.19,211.0
88:4A:EA:69:42:9B,2017-03-15 07:05:48.329999872,94.27,94.29,94.37,94.16,94.29,49.74
88:4A:EA:69:43:8A,2017-03-15 07:05:48.640000000,228.56,117.9,195.0,334.34,267.01,72.5
88:4A:EA:69:42:9B,2017-03-15 07:05:48.849999872,94.23,94.2,94.22,94.39,94.12,47.89
88:4A:EA:69:43:8A,2017-03-15 07:05:49.160000000,124.47,161.41,126.84,107.92,101.73,57.35
88:4A:EA:69:E1:72,2017-03-15 07:05:49.200000000,1461.79,9.44,4.9,2.36,52.19,210.0
88:4A:EA:69:42:9B,2017-03-15 07:05:49.529999872,94.23,94.28,94.16,94.29,94.19,48.4
88:4A:EA:69:43:8A,2017-03-15 07:05:49.680000000,97.96,98.37,97.91,97.79,97.77,45.72
88:4A:EA:69:E1:72,2017-03-15 07:05:49.720000000,8849.06,29.46,18.63,27.96,52.19,30.0
88:4A:EA:69:42:9B,2017-03-15 07:05:50.049999872,94.63,94.24,94.35,94.36,95.57,55.34
88:4A:EA:69:E1:72,2017-03-15 07:05:50.129999872,1373.26,9.63,5.89,4.41,52.19,31.0
88:4A:EA:69:43:8A,2017-03-15 07:05:50.209999872,97.94,97.65,97.57,97.68,98.86,43.93
88:4A:EA:69:42:9B,2017-03-15 07:05:50.569999872,94.28,94.36,94.34,94.34,94.1,56.6
88:4A:EA:69:E1:72,2017-03-15 07:05:50.670000128,1282.36,8.53,4.73,2.09,52.19,211.0
88:4A:EA:69:43:8A,2017-03-15 07:05:50.729999872,192.47,116.53,130.98,299.0,223.39,72.15
88:4A:EA:69:42:9B,2017-03-15 07:05:51.100000000,94.29,94.21,94.27,94.31,94.37,50.37
88:4A:EA:69:E1:72,2017-03-15 07:05:51.180000000,20846.3,16.78,78.44,25.79,52.19,26.0
88:4A:EA:69:43:8A,2017-03-15 07:05:51.249999872,122.7,160.55,122.0,106.88,101.36,58.76
88:4A:EA:69:42:9B,2017-03-15 07:05:51.620000000,96.77,94.21,94.28,97.8,100.8,52.95
88:4A:EA:69:43:8A,2017-03-15 07:05:51.780000000,98.37,98.94,98.36,98.12,98.07,42.29
88:4A:EA:69:42:9B,2017-03-15 07:05:52.140000000,99.15,95.22,108.77,97.73,94.9,55.61
88:4A:EA:69:43:8A,2017-03-15 07:05:52.300000000,97.79,97.9,97.7,97.75,97.79,44.33
88:4A:EA:69:E1:72,2017-03-15 07:05:52.350000128,945.87,8.3,4.42,1.67,52.19,117.0
88:4A:EA:69:42:9B,2017-03-15 07:05:52.660000000,95.12,96.2,95.12,94.8,94.35,55.98
88:4A:EA:69:43:8A,2017-03-15 07:05:52.830000128,112.29,97.62,97.91,112.56,141.06,54.13
88:4A:EA:69:E1:72,2017-03-15 07:05:52.880000000,2782.81,8.94,6.24,4.74,52.19,209.0
88:4A:EA:69:42:9B,2017-03-15 07:05:53.190000128,94.27,94.4,94.2,94.24,94.25,48.58
88:4A:EA:69:E1:72,2017-03-15 07:05:53.270000128,8304.79,28.98,26.72,42.81,52.19,28.0
88:4A:EA:69:43:8A,2017-03-15 07:05:53.350000128,148.09,181.02,147.75,163.76,99.84,70.46
88:4A:EA:69:42:9B,2017-03-15 07:05:53.710000128,94.21,94.15,94.17,94.33,94.19,47.72
88:4A:EA:69:E1:72,2017-03-15 07:05:53.820000000,1274.18,12.09,5.62,3.97,52.19,208.0
88:4A:EA:69:43:8A,2017-03-15 07:05:53.870000128,97.66,97.68,97.42,97.88,97.65,49.28
88:4A:EA:69:42:9B,2017-03-15 07:05:54.230000128,94.48,94.07,94.57,94.4,94.86,55.2
88:4A:EA:69:E1:72,2017-03-15 07:05:54.310000128,1275.52,8.96,4.74,2.0,52.19,210.0
88:4A:EA:69:43:8A,2017-03-15 07:05:54.400000000,98.84,97.46,97.72,97.81,102.38,46.79
88:4A:EA:69:42:9B,2017-03-15 07:05:54.750000128,94.3,94.08,94.32,94.49,94.33,50.27
88:4A:EA:69:43:8A,2017-03-15 07:05:54.920000000,199.36,118.77,177.84,294.23,206.6,71.33
88:4A:EA:69:42:9B,2017-03-15 07:05:55.280000000,95.55,94.17,94.1,94.52,99.41,49.61
88:4A:EA:69:43:8A,2017-03-15 07:05:55.440000000,103.62,117.31,101.02,98.08,98.06,54.5
88:4A:EA:69:E1:72,2017-03-15 07:05:55.489999872,10043.83,13.63,9.51,21.37,52.19,28.0
88:4A:EA:69:42:9B,2017-03-15 07:05:55.800000000,99.8,101.02,94.84,103.42,99.92,56.27
88:4A:EA:69:43:8A,2017-03-15 07:05:55.969999872,97.68,97.78,97.58,97.68,97.67,40.54
88:4A:EA:69:42:9B,2017-03-15 07:05:56.320000000,95.93,96.86,95.51,95.95,95.39,57.12
88:4A:EA:69:43:8A,2017-03-15 07:05:56.489999872,164.55,97.66,112.62,126.73,321.2,63.61
88:4A:EA:69:E1:72,2017-03-15 07:05:56.510000128,1127.42,8.63,4.68,2.3,52.19,208.0
88:4A:EA:69:42:9B,2017-03-15 07:05:56.840000000,94.36,94.42,94.44,94.39,94.2,50.3
88:4A:EA:69:43:8A,2017-03-15 07:05:57.009999872,235.57,338.4,278.4,193.66,131.81,68.0
88:4A:EA:69:42:9B,2017-03-15 07:05:57.369999872,94.38,94.42,94.52,94.27,94.3,49.19
88:4A:EA:69:43:8A,2017-03-15 07:05:57.540000000,104.13,114.5,104.17,99.65,98.22,51.07
88:4A:EA:69:E1:72,2017-03-15 07:05:57.550000128,2426.24,8.95,6.25,3.93,52.19,211.0
88:4A:EA:69:42:9B,2017-03-15 07:05:57.889999872,94.25,94.38,94.2,94.25,94.17,49.12
88:4A:EA:69:43:8A,2017-03-15 07:05:58.060000000,97.75,97.69,97.68,97.7,97.92,42.52
88:4A:EA:69:E1:72,2017-03-15 07:05:58.080000000,3555.45,42.06,22.19,35.81,52.19,29.0
88:4A:EA:69:42:9B,2017-03-15 07:05:58.409999872,94.42,94.26,94.31,94.46,94.65,54.14
88:4A:EA:69:E1:72,2017-03-15 07:05:58.500000000,948.04,9.47,5.27,5.23,52.19,30.0
88:4A:EA:69:43:8A,2017-03-15 07:05:58.580000000,99.88,97.71,97.67,97.66,106.48,49.08
88:4A:EA:69:42:9B,2017-03-15 07:05:58.940000000,94.25,94.24,94.27,94.27,94.22,51.56
88:4A:EA:69:E1:72,2017-03-15 07:05:59.049999872,1197.69,8.99,4.57,2.0,52.2,208.0
88:4A:EA:69:43:8A,2017-03-15 07:05:59.110000128,175.14,122.72,220.39,146.85,210.59,71.16
88:4A:EA:69:42:9B,2017-03-15 07:05:59.460000000,94.33,94.41,94.24,94.3,94.36,49.98
88:4A:EA:69:E1:72,2017-03-15 07:05:59.590000128,8660.16,12.21,44.33,16.94,52.2,30.0
88:4A:EA:69:43:8A,2017-03-15 07:05:59.630000128,99.7,103.05,99.75,98.06,97.94,51.22
88:4A:EA:69:42:9B,2017-03-15 07:05:59.980000000,94.28,94.39,94.18,94.21,94.34,50.07
